date,price,signal,asset_return,position,strategy_return,trade,ml_equity,bh_equity
2025-01-15 05:00:00,136.19,0,0.0,0,0.0,0,100000.0,100000.0
2025-01-16 05:00:00,133.58,1,-0.019164402672736558,0,-0.0,0,100000.0,98083.55973272634
2025-01-17 05:00:00,137.73,1,0.03106752507860433,1,0.03106752507860433,1,103106.75250786044,101130.77318452162
2025-01-21 05:00:00,140.81,0,0.02236259347999714,1,0.02236259347999714,0,105412.48689923639,103392.31955356487
2025-01-22 05:00:00,147.03,0,0.04417299907677008,0,0.0,-1,105412.48689923639,107959.46838974961
2025-01-23 05:00:00,147.21,0,0.0012242399510304924,0,0.0,0,105412.48689923639,108091.63668404435
2025-01-24 05:00:00,142.605,0,-0.031281842266150495,0,-0.0,0,105412.48689923639,104710.33115500404
2025-01-27 05:00:00,118.51,0,-0.16896322008344722,0,-0.0,0,105412.48689923639,87018.13642705044
2025-01-28 05:00:00,128.81,0,0.08691249683571001,0,0.0,0,105412.48689923639,94581.09993391584
2025-01-29 05:00:00,123.75,0,-0.03928266438941075,0,-0.0,0,105412.48689923639,90865.70232763051
2025-01-30 05:00:00,124.91,0,0.009373737373737256,0,0.0,0,105412.48689923639,91717.45355752991
2025-01-31 05:00:00,120.035,0,-0.039028100232167184,0,-0.0,0,105412.48689923639,88137.8955870475
2025-02-03 05:00:00,116.65,0,-0.02820010830174524,0,-0.0,0,105412.48689923639,85652.39738600484
2025-02-04 05:00:00,118.63,0,0.01697385340762958,0,0.0,0,105412.48689923639,87106.24862324692
2025-02-05 05:00:00,124.955,0,0.05331703616285943,0,0.0,0,105412.48689923639,91750.49563110361
2025-02-06 05:00:00,128.68,0,0.02981073186347083,0,0.0,0,105412.48689923639,94485.64505470298
2025-02-07 05:00:00,129.885,0,0.009364314578800048,0,0.0,0,105412.48689923639,95370.43835817606
2025-02-10 05:00:00,133.5,0,0.02783231320013857,0,0.0,0,105412.48689923639,98024.81826859534
2025-02-11 05:00:00,132.83,0,-0.00501872659176017,0,-0.0,0,105412.48689923639,97532.85850649828
2025-02-12 05:00:00,131.1,0,-0.013024166227509015,0,-0.0,0,105412.48689923639,96262.57434466553
2025-02-13 05:00:00,135.25,0,0.031655225019069366,0,0.0,0,105412.48689923639,99309.78779646082
2025-02-14 05:00:00,138.8,0,0.026247689463955615,0,0.0,0,105412.48689923639,101916.44026727365
2025-02-18 05:00:00,139.38,0,0.00417867435158481,0,0.0,0,105412.48689923639,102342.31588222334
2025-02-19 05:00:00,139.245,0,-0.0009685751183813318,0,-0.0,0,105412.48689923639,102243.1896615023
2025-02-20 05:00:00,140.09,0,0.006068440518510521,0,0.0,0,105412.48689923639,102863.64637638592
2025-02-21 05:00:00,134.33,0,-0.041116425155257263,0,-0.0,0,105412.48689923639,98634.2609589544
2025-02-24 05:00:00,130.325,0,-0.02981463559889841,0,-0.0,0,105412.48689923639,95693.51641089653
2025-02-25 05:00:00,126.52,0,-0.02919624016880873,0,-0.0,0,105412.48689923639,92899.62552316615
2025-02-26 05:00:00,131.525,0,0.039558963009800996,0,0.0,0,105412.48689923639,96574.63837286145
2025-02-27 05:00:00,120.245,0,-0.08576316289678765,0,-0.0,0,105412.48689923639,88292.09193039137
2025-02-28 05:00:00,124.995,0,0.0395026820242006,0,0.0,0,105412.48689923639,91779.8663631691
2025-03-03 05:00:00,114.06,0,-0.08748349933997357,0,-0.0,0,105412.48689923639,83750.64248476394
2025-03-04 05:00:00,115.92,0,0.01630720673329833,0,0.0,0,105412.48689923639,85116.38152580954
2025-03-05 05:00:00,117.345,0,0.012292960662525942,0,0.0,0,105412.48689923639,86162.71385564285
2025-03-06 05:00:00,110.56,0,-0.057820955302739785,0,-0.0,0,105412.48689923639,81180.70342903298
2025-03-07 05:00:00,112.71,0,0.01944645441389281,0,0.0,0,105412.48689923639,82759.38027755341
2025-03-10 04:00:00,107.015,0,-0.05052790346907987,0,-0.0,0,105412.48689923639,78577.72229972832
2025-03-11 04:00:00,108.7,0,0.015745456244451672,0,0.0,0,105412.48689923639,79814.96438798738
2025-03-12 04:00:00,115.705,0,0.0644434222631094,0,0.0,0,105412.48689923639,84958.51384095749
2025-03-13 04:00:00,115.74,0,0.00030249340996491014,0,0.0,0,105412.48689923639,84984.21323151478
2025-03-14 04:00:00,121.54,0,0.05011232071885274,0,0.0,0,105412.48689923639,89242.96938101182
2025-03-17 04:00:00,119.625,0,-0.01575612966924478,0,-0.0,0,105412.48689923639,87836.84558337615
2025-03-18 04:00:00,115.555,0,-0.03402298850574703,0,-0.0,0,105412.48689923639,84848.37359571186
2025-03-19 04:00:00,117.53,0,0.01709142832417454,0,0.0,0,105412.48689923639,86298.55349144577
2025-03-20 04:00:00,118.5,0,0.00825321194588624,0,0.0,0,105412.48689923639,87010.79374403406
2025-03-21 04:00:00,117.68,0,-0.006919831223628603,0,-0.0,0,105412.48689923639,86408.69373669139
2025-03-24 04:00:00,121.24,0,0.030251529571719837,0,0.0,0,105412.48689923639,89022.6888905206
2025-03-25 04:00:00,120.66,0,-0.004783899703068251,0,-0.0,0,105412.48689923639,88596.8132755709
2025-03-26 04:00:00,113.715,0,-0.05755842864246641,0,-0.0,0,105412.48689923639,83497.31992069902
2025-03-27 04:00:00,111.41,0,-0.020269973178560496,0,-0.0,0,105412.48689923639,81804.83148542477
2025-03-28 04:00:00,109.63,0,-0.01597702181132754,0,-0.0,0,105412.48689923639,80497.83390851018
2025-03-31 04:00:00,108.525,1,-0.010079357840007241,0,-0.0,0,105412.48689923639,79686.46743520083
2025-04-01 04:00:00,110.14,1,0.014881363741073406,1,0.014881363741073406,1,106981.16845963505,80872.31074234526
2025-04-02 04:00:00,110.31,0,0.001543490103504741,1,0.001543490103504741,0,107146.29283441388,80997.13635362363
2025-04-03 04:00:00,101.78,0,-0.07732753150213034,0,-0.0,-1,107146.29283441388,74733.82774065646
2025-04-04 04:00:00,94.28,0,-0.07368834741599528,0,-0.0,0,107146.29283441388,69226.81547837581
2025-04-07 04:00:00,97.62,1,0.03542638947815013,0,0.0,0,107146.29283441388,71679.27160584478
2025-04-08 04:00:00,96.41,1,-0.012395001024380292,1,-0.012395001024380292,1,105818.21442497277,70790.80696086351
2025-04-09 04:00:00,114.21,0,0.1846281506067835,1,0.1846281506067835,0,125355.23565476756,83860.78273000955
2025-04-10 04:00:00,107.67,0,-0.05726293669556071,0,-0.0,-1,125355.23565476756,79058.66803730086
2025-04-11 04:00:00,110.765,0,0.02874524008544621,0,0.0,0,125355.23565476756,81331.22843086865
2025-04-14 04:00:00,110.71,0,-0.000496546743104842,0,-0.0,0,125355.23565476756,81290.84367427859
2025-04-15 04:00:00,112.12,0,0.01273597687652428,0,0.0,0,125355.23565476756,82326.16197958736
2025-04-16 04:00:00,104.52,0,-0.06778451658936857,0,-0.0,0,125355.23565476756,76745.72288714297
2025-04-17 04:00:00,101.4,1,-0.02985074626865658,0,-0.0,0,125355.23565476756,74454.80578603424
2025-04-21 04:00:00,96.77,1,-0.045660749506903464,1,-0.045660749506903464,1,119631.42164015636,71055.14354945299
2025-04-22 04:00:00,98.865,1,0.02164927146843021,1,0.02164927146843021,0,122221.35476339835,72593.43564138336
2025-04-23 04:00:00,102.495,1,0.036716734941587115,1,0.036716734941587115,0,126708.92385044774,75258.8295763272
2025-04-24 04:00:00,106.38,1,0.037904288014049436,1,0.037904288014049436,0,131511.73539402537,78111.46192818857
2025-04-25 04:00:00,110.92,0,0.04267719496145905,1,0.04267719496145905,0,137124.287365156,81445.04001762246
2025-04-28 04:00:00,108.72,0,-0.01983411467724494,0,-0.0,-1,137124.287365156,79829.64975402014
2025-04-29 04:00:00,108.91,0,0.0017476085356880056,0,0.0,0,137124.287365156,79969.16073133124
2025-04-30 04:00:00,108.79,0,-0.0011018271967678794,0,-0.0,0,137124.287365156,79881.04853513476
2025-05-01 04:00:00,111.545,0,0.02532401875172341,0,0.0,0,137124.287365156,81903.95770614584
2025-05-02 04:00:00,114.44,0,0.025953650992872834,0,0.0,0,137124.287365156,84029.66443938616
2025-05-05 04:00:00,113.78,0,-0.005767214260747999,0,-0.0,0,137124.287365156,83545.04736030547
2025-05-06 04:00:00,113.455,0,-0.002856389523642089,0,-0.0,0,137124.287365156,83306.41016227331
2025-05-07 04:00:00,117.015,0,0.03137807941474602,0,0.0,0,137124.287365156,85920.40531610254
2025-05-08 04:00:00,117.365,0,0.002991069521001588,0,0.0,0,137124.287365156,86177.39922167563
2025-05-09 04:00:00,116.61,0,-0.006432922932731233,0,-0.0,0,137124.287365156,85623.02665393938
2025-05-12 04:00:00,122.985,0,0.05466941085670185,0,0.0,0,137124.287365156,90303.98707687792
2025-05-13 04:00:00,129.83,0,0.05565719396674407,0,0.0,0,137124.287365156,95330.05360158606
2025-05-14 04:00:00,135.35,0,0.04251713779557864,0,0.0,0,137124.287365156,99383.2146266246
2025-05-15 04:00:00,134.91,0,-0.0032508311784262833,0,-0.0,0,137124.287365156,99060.13657390414
2025-05-16 04:00:00,135.31,0,0.0029649395893558417,0,0.0,0,137124.287365156,99353.8438945591
2025-05-19 04:00:00,135.6,0,0.0021432266646959075,0,0.0,0,137124.287365156,99566.78170203396
2025-05-20 04:00:00,134.41,0,-0.008775811209439488,0,-0.0,0,137124.287365156,98693.00242308543
2025-05-21 04:00:00,131.81,0,-0.01934379882449222,0,-0.0,0,137124.287365156,96783.90483882814
2025-05-22 04:00:00,132.9,0,0.00826947879523554,0,0.0,0,137124.287365156,97584.25728761291
2025-05-23 04:00:00,131.3,0,-0.012039127163280594,0,-0.0,0,137124.287365156,96409.42800499305
2025-05-27 04:00:00,135.495,0,0.031949733434881944,0,0.0,0,137124.287365156,99489.68353036203
2025-05-28 04:00:00,134.83,0,-0.0049079301819254795,0,-0.0,0,137124.287365156,99001.39510977315
2025-05-29 04:00:00,139.18,0,0.032262849514202996,0,0.0,0,137124.287365156,102195.46222189591
2025-05-30 04:00:00,134.89,0,-0.030823394165828577,0,-0.0,0,137124.287365156,99045.45120787136
2025-06-02 04:00:00,137.37,0,0.018385351026762642,0,0.0,0,137124.287365156,100866.43659593217
2025-06-03 04:00:00,141.27,0,0.028390478270364783,0,0.0,0,137124.287365156,103730.08297231812
2025-06-04 04:00:00,141.84,0,0.004034826927160617,0,0.0,0,137124.287365156,104148.61590425143
2025-06-05 04:00:00,140.01,0,-0.012901861252115121,0,-0.0,0,137124.287365156,102804.90491225496
2025-06-06 04:00:00,141.67,0,0.011856295978858622,0,0.0,0,137124.287365156,104023.79029297306
2025-06-09 04:00:00,142.57,0,0.006352791699018923,0,0.0,0,137124.287365156,104684.63176444675
2025-06-10 04:00:00,143.95,0,0.009679455705968953,0,0.0,0,137124.287365156,105697.92202070638
2025-06-11 04:00:00,142.875,0,-0.007467870788468112,0,-0.0,0,137124.287365156,104908.58359644617
2025-06-12 04:00:00,145.0,0,0.014873140857392775,0,0.0,0,137124.287365156,106468.90373742567
2025-06-13 04:00:00,141.98,0,-0.02082758620689662,0,-0.0,0,137124.287365156,104251.41346648066
2025-06-16 04:00:00,144.67,0,0.01894633046908023,0,0.0,0,137124.287365156,106226.59519788533
2025-06-17 04:00:00,144.03,0,-0.00442386120135474,0,-0.0,0,137124.287365156,105756.6634848374
2025-06-18 04:00:00,145.485,0,0.010102062070401985,0,0.0,0,137124.287365156,106825.02386371983
2025-06-20 04:00:00,143.76,0,-0.0118568924631407,0,-0.0,0,137124.287365156,105558.41104339527
2025-06-23 04:00:00,144.16,0,0.0027824151363384786,0,0.0,0,137124.287365156,105852.11836405026
2025-06-24 04:00:00,147.89,0,0.02587402885682577,0,0.0,0,137124.287365156,108590.93912915782
2025-06-25 04:00:00,154.4,0,0.04401920346203281,0,0.0,0,137124.287365156,113371.02577281743
2025-06-26 04:00:00,155.07,0,0.004339378238341851,0,0.0,0,137124.287365156,113862.9855349145
2025-06-27 04:00:00,157.72,0,0.017089056555104287,0,0.0,0,137124.287365156,115808.79653425366
2025-06-30 04:00:00,157.98,0,0.0016484909967029449,0,0.0,0,137124.287365156,115999.70629267939
2025-07-01 04:00:00,153.34,0,-0.02937080643119372,0,-0.0,0,137124.287365156,112592.7013730818
2025-07-02 04:00:00,157.26,0,0.025564105908438606,0,0.0,0,137124.287365156,115471.03311550047
2025-07-03 04:00:00,159.325,0,0.013131120437491983,0,0.0,0,137124.287365156,116987.29715838173
2025-07-07 04:00:00,158.305,0,-0.006402008473246346,0,-0.0,0,137124.287365156,116238.34349071159
2025-07-08 04:00:00,159.99,0,0.010644009980733449,0,0.0,0,137124.287365156,117475.58557897064
2025-07-09 04:00:00,162.83,0,0.01775110944434033,0,0.0,0,137124.287365156,119560.90755562093
2025-07-10 04:00:00,164.09,0,0.007738131793895375,0,0.0,0,137124.287365156,120486.08561568406
2025-07-11 04:00:00,164.89,0,0.004875373270766037,0,0.0,0,137124.287365156,121073.500256994
2025-07-14 04:00:00,164.06,0,-0.005033658802838126,0,-0.0,0,137124.287365156,120464.05756663495
2025-07-15 04:00:00,170.655,0,0.04019870778983292,0,0.0,0,137124.287365156,125306.55701593372
2025-07-16 04:00:00,171.34,0,0.004013946265857937,0,0.0,0,137124.287365156,125809.53080255535
2025-07-17 04:00:00,173.085,0,0.010184428621454522,0,0.0,0,137124.287365156,127090.82898891266
2025-07-18 04:00:00,172.4,0,-0.003957593090100242,0,-0.0,0,137124.287365156,126587.85520229103
2025-07-21 04:00:00,171.475,0,-0.005365429234338803,0,-0.0,0,137124.287365156,125908.6570232764
2025-07-22 04:00:00,167.01,0,-0.026038781163434943,0,-0.0,0,137124.287365156,122630.14905646532
2025-07-23 04:00:00,170.84,0,0.022932758517454133,0,0.0,0,137124.287365156,125442.39665173665
2025-07-24 04:00:00,173.77,0,0.017150550222430283,0,0.0,0,137124.287365156,127593.80277553428
2025-07-25 04:00:00,173.5,0,-0.0015537779823905362,0,-0.0,0,137124.287365156,127395.55033409216
2025-07-28 04:00:00,176.695,0,0.018414985590778032,0,0.0,0,137124.287365156,129741.5375578237
2025-07-29 04:00:00,175.5,0,-0.00676306630068757,0,-0.0,0,137124.287365156,128864.086937367
2025-07-30 04:00:00,179.315,0,0.021737891737891646,0,0.0,0,137124.287365156,131665.3205081137
2025-07-31 04:00:00,178.06,0,-0.006998856760449423,0,-0.0,0,137124.287365156,130743.81378955877
2025-08-01 04:00:00,173.755,0,-0.024177243625744138,0,-0.0,0,137124.287365156,127582.78875100968
2025-08-04 04:00:00,179.98,0,0.03582630715662849,0,0.0,0,137124.287365156,132153.6089287026
2025-08-05 04:00:00,178.265,0,-0.009528836537393115,0,-0.0,0,137124.287365156,130894.33879139443
2025-08-06 04:00:00,179.43,0,0.006535214427958458,0,0.0,0,137124.287365156,131749.76136280203
2025-08-07 04:00:00,180.85,0,0.00791394972969961,0,0.0,0,137124.287365156,132792.42235112717
2025-08-08 04:00:00,182.755,0,0.010533591374066953,0,0.0,0,137124.287365156,134191.20346574645
2025-08-11 04:00:00,181.99,0,-0.004185931985444924,0,-0.0,0,137124.287365156,133629.48821499382
2025-08-12 04:00:00,183.17,0,0.006483872740260299,0,0.0,0,137124.287365156,134495.92481092596
2025-08-13 04:00:00,181.55,0,-0.008844243052901546,0,-0.0,0,137124.287365156,133306.41016227336
2025-08-14 04:00:00,182.025,0,0.0026163591297163613,0,0.0,0,137124.287365156,133655.18760555112
2025-08-15 04:00:00,180.42,0,-0.00881747012772982,0,-0.0,0,137124.287365156,132476.68698142306
2025-08-18 04:00:00,182.005,0,0.00878505708901467,0,0.0,0,137124.287365156,133640.5022395184
2025-08-19 04:00:00,175.66,0,-0.03486167962418618,0,-0.0,0,137124.287365156,128981.56986562895
2025-08-20 04:00:00,175.41,0,-0.0014232039166571786,0,-0.0,0,137124.287365156,128798.00279021957
2025-08-21 04:00:00,174.96,0,-0.002565418163160582,0,-0.0,0,137124.287365156,128467.58205448274
2025-08-22 04:00:00,177.98,0,0.017261088248742507,0,0.0,0,137124.287365156,130685.07232542774
2025-08-25 04:00:00,179.79,0,0.010169681986740065,0,0.0,0,137124.287365156,132014.09795139148
2025-08-26 04:00:00,181.7,0,0.010623505200511696,0,0.0,0,137124.287365156,133416.55040751895
2025-08-27 04:00:00,181.57,0,-0.0007154650522839257,0,-0.0,0,137124.287365156,133321.0955283061
2025-08-28 04:00:00,180.16,0,-0.007765600044060128,0,-0.0,0,137124.287365156,132285.77722299733
2025-08-29 04:00:00,174.215,0,-0.032998445825932476,0,-0.0,0,137124.287365156,127920.55216976289
2025-09-02 04:00:00,170.75,0,-0.019889217346382382,0,-0.0,0,137124.287365156,125376.31250458922
2025-09-03 04:00:00,170.6,0,-0.0008784773060029893,0,-0.0,0,137124.287365156,125266.1722593436
2025-09-04 04:00:00,171.66,0,0.006213364595545112,0,0.0,0,137124.287365156,126044.49665907926
2025-09-05 04:00:00,167.07,0,-0.026738902481649784,0,-0.0,0,137124.287365156,122674.2051545635
2025-09-08 04:00:00,168.325,0,0.007511821392230722,0,0.0,0,137124.287365156,123595.71187311846
2025-09-09 04:00:00,170.75,0,0.014406653794742486,0,0.0,0,137124.287365156,125376.31250458922
2025-09-10 04:00:00,177.27,0,0.038184480234260576,0,0.0,0,137124.287365156,130163.7418312652
2025-09-11 04:00:00,177.08,0,-0.001071811361200381,0,-0.0,0,137124.287365156,130024.2308539541
2025-09-12 04:00:00,177.8,0,0.004065958888637811,0,0.0,0,137124.287365156,130552.90403113302
2025-09-15 04:00:00,177.76,0,-0.0002249718785153343,0,-0.0,0,137124.287365156,130523.5332990675
2025-09-16 04:00:00,174.89,0,-0.016145364536453655,0,-0.0,0,137124.287365156,128416.18327336811
2025-09-17 04:00:00,170.21,0,-0.026759677511578595,0,-0.0,0,137124.287365156,124979.807621705
2025-09-18 04:00:00,176.22,0,0.035309323776511414,0,0.0,0,137124.287365156,129392.76011454588
2025-09-19 04:00:00,176.54,0,0.001815911928271463,0,0.0,0,137124.287365156,129627.72597106984
2025-09-22 04:00:00,183.6,0,0.03999093689815347,0,0.0,0,137124.287365156,134811.66018063002
2025-09-23 04:00:00,178.44,0,-0.028104575163398704,0,-0.0,0,137124.287365156,131022.83574418095
2025-09-24 04:00:00,176.87,0,-0.008798475678098994,0,-0.0,0,137124.287365156,129870.03451061022
2025-09-25 04:00:00,177.68,0,0.004579634759993123,0,0.0,0,137124.287365156,130464.7918349365
2025-09-26 04:00:00,178.19,0,0.0028703286807743034,0,0.0,0,137124.287365156,130839.26866877158
2025-09-29 04:00:00,181.83,0,0.020427633424995983,0,0.0,0,137124.287365156,133512.00528673182
2025-09-30 04:00:00,186.54,0,0.025903316284441313,0,0.0,0,137124.287365156,136970.40898744404
2025-10-01 04:00:00,187.245,0,0.0037793502733998174,0,0.0,0,137124.287365156,137488.06814009842
2025-10-02 04:00:00,188.91,0,0.008892093246815724,0,0.0,0,137124.287365156,138710.62486232474
2025-10-03 04:00:00,187.63,0,-0.006775713302630937,0,-0.0,0,137124.287365156,137770.76143622882
2025-10-06 04:00:00,185.51,0,-0.011298832809252257,0,-0.0,0,137124.287365156,136214.1126367575
2025-10-07 04:00:00,185.005,0,-0.0027222252169694094,0,-0.0,0,137124.287365156,135843.3071444306
2025-10-08 04:00:00,189.09,0,0.02208048431123477,0,0.0,0,137124.287365156,138842.79315661945
2025-10-09 04:00:00,192.555,0,0.018324607329842868,0,0.0,0,137124.287365156,141387.0328217931
2025-10-10 04:00:00,183.15,0,-0.04884318766066842,0,-0.0,0,137124.287365156,134481.23944489317
2025-10-13 04:00:00,188.31,0,0.02817362817362823,0,0.0,0,137124.287365156,138270.06388134227
2025-10-14 04:00:00,180.03,0,-0.04397004938664972,0,-0.0,0,137124.287365156,132190.3223437844
2025-10-15 04:00:00,179.87,0,-0.0008887407654279977,0,-0.0,0,137124.287365156,132072.83941552244
2025-10-16 04:00:00,181.84,0,0.010952354478234172,0,0.0,0,137124.287365156,133519.34796974814
2025-10-17 04:00:00,183.165,0,0.0072866256049273215,0,0.0,0,137124.287365156,134492.25346941772
2025-10-20 04:00:00,182.55,0,-0.0033576283678649066,0,-0.0,0,137124.287365156,134040.67846391074
2025-10-21 04:00:00,181.13,0,-0.007778690769652208,0,-0.0,0,137124.287365156,132998.01747558557
2025-10-22 04:00:00,180.34,0,-0.0043615083089493245,0,-0.0,0,137124.287365156,132417.945517292
2025-10-23 04:00:00,182.12,0,0.009870245092602925,0,0.0,0,137124.287365156,133724.94309420662
2025-10-24 04:00:00,186.29,0,0.022896990994948352,0,0.0,0,137124.287365156,136786.84191203467
2025-10-27 04:00:00,191.44,0,0.027645069515271903,0,0.0,0,137124.287365156,140568.32366546738
2025-10-28 04:00:00,201.05,0,0.050198495612202354,0,0.0,0,137124.287365156,147624.642044203
2025-10-29 04:00:00,207.035,0,0.029768714250186346,0,0.0,0,137124.287365156,152019.23782950293
2025-10-30 04:00:00,202.9,0,-0.01997246842321343,0,-0.0,0,137124.287365156,148983.03840223223
2025-10-31 04:00:00,202.49,0,-0.0020206998521439257,0,-0.0,0,137124.287365156,148681.98839856088
2025-11-03 05:00:00,207.0,0,0.0222727048249296,0,0.0,0,137124.287365156,151993.53843894563
2025-11-04 05:00:00,198.6,0,-0.04057971014492756,0,-0.0,0,137124.287365156,145825.6847051913
2025-11-05 05:00:00,195.175,0,-0.01724572004028191,0,-0.0,0,137124.287365156,143310.81577208315
2025-11-06 05:00:00,188.14,0,-0.03604457538106842,0,-0.0,0,137124.287365156,138145.23827006388
2025-11-07 05:00:00,188.205,0,0.0003454874029980015,0,0.0,0,137124.287365156,138192.96570967036
2025-11-10 05:00:00,199.045,0,0.05759676948008807,0,0.0,0,137124.287365156,146152.43409941994
2025-11-11 05:00:00,193.265,0,-0.029038659599588068,0,-0.0,0,137124.287365156,141908.36331595565
2025-11-12 05:00:00,193.86,0,0.003078674359040745,0,0.0,0,137124.287365156,142345.25295542993
2025-11-13 05:00:00,186.97,0,-0.03554111214278355,0,-0.0,0,137124.287365156,137286.1443571481
2025-11-14 05:00:00,190.285,0,0.017730117131090628,0,0.0,0,137124.287365156,139720.24377707616
2025-11-17 05:00:00,186.67,0,-0.01899781906088238,0,-0.0,0,137124.287365156,137065.86386665687
2025-11-18 05:00:00,181.26,0,-0.0289816253281191,0,-0.0,0,137124.287365156,133093.47235479846
2025-11-19 05:00:00,186.7,0,0.030012137261392402,0,0.0,0,137124.287365156,137087.891915706
2025-11-20 05:00:00,180.92,0,-0.030958757364756284,0,-0.0,0,137124.287365156,132843.82113224172
2025-11-21 05:00:00,178.93,0,-0.010999336723413577,0,-0.0,0,137124.287365156,131382.62721198326
2025-11-24 05:00:00,182.835,0,0.02182417705247852,0,0.0,0,137124.287365156,134249.94492987735
2025-11-25 05:00:00,177.8,0,-0.027538490989143183,0,-0.0,0,137124.287365156,130552.90403113297
2025-11-26 05:00:00,180.18,0,0.013385826771653564,0,0.0,0,137124.287365156,132300.46258903004
2025-11-28 05:00:00,176.95,0,-0.017926517926518004,0,-0.0,0,137124.287365156,129928.77597474115
2025-12-01 05:00:00,179.965,0,0.01703871150042402,0,0.0,0,137124.287365156,132142.594904178
2025-12-02 05:00:00,181.33,0,0.007584808157141687,0,0.0,0,137124.287365156,133144.87113591307
2025-12-03 05:00:00,179.515,0,-0.010009375172337909,0,-0.0,0,137124.287365156,131812.17416844112
2025-12-04 05:00:00,183.45,0,0.021920173801632137,0,0.0,0,137124.287365156,134701.51993538436
2025-12-05 05:00:00,182.355,0,-0.005968928863450573,0,-0.0,0,137124.287365156,133897.4961450914
2025-12-08 05:00:00,185.575,0,0.017657865153135388,0,0.0,0,137124.287365156,136261.84007636388
2025-12-09 05:00:00,184.98,0,-0.003206250841977676,0,-0.0,0,137124.287365156,135824.95043688963
2025-12-10 05:00:00,183.75,0,-0.006649367499189096,0,-0.0,0,137124.287365156,134921.8004258756
2025-12-11 05:00:00,180.99,0,-0.01502040816326522,0,-0.0,0,137124.287365156,132895.21991335633
2025-12-12 05:00:00,175.065,0,-0.0327366152826124,0,-0.0,0,137124.287365156,128544.68022615461
2025-12-15 05:00:00,176.1,0,0.0059120897952189555,0,0.0,0,137124.287365156,129304.64791834935
2025-12-16 05:00:00,177.515,0,0.00803520726859741,0,0.0,0,137124.287365156,130343.6375651663
2025-12-17 05:00:00,170.98,0,-0.036813790383911194,0,-0.0,0,137124.287365156,125545.19421396578
2025-12-18 05:00:00,173.985,0,0.01757515498888762,0,0.0,0,137124.287365156,127751.67046038623
2025-12-19 05:00:00,181.0,0,0.0403195677788315,0,0.0,0,137124.287365156,132902.5625963727
2025-12-22 05:00:00,183.675,0,0.014779005524861999,0,0.0,0,137124.287365156,134866.7303032528
2025-12-23 05:00:00,189.2,0,0.030080304886348053,0,0.0,0,137124.287365156,138923.56266979955
2025-12-24 05:00:00,188.625,0,-0.0030391120507399227,0,-0.0,0,137124.287365156,138501.35839635803
2025-12-26 05:00:00,190.43,0,0.009569251159708525,0,0.0,0,137124.287365156,139826.7126808136
2025-12-29 05:00:00,188.23,0,-0.01155280155437699,0,-0.0,0,137124.287365156,138211.32241721125
2025-12-30 05:00:00,187.515,0,-0.0037985443340594616,0,-0.0,0,137124.287365156,137686.3205815405
2025-12-31 05:00:00,186.52,0,-0.00530624216729314,0,-0.0,0,137124.287365156,136955.72362141128
2026-01-02 05:00:00,188.825,0,0.012357924083208127,0,0.0,0,137124.287365156,138648.21205668553
2026-01-05 05:00:00,188.13,0,-0.003680656692704898,0,-0.0,0,137124.287365156,138137.8955870475
2026-01-06 05:00:00,187.255,0,-0.004651039175038507,0,-0.0,0,137124.287365156,137495.41082311477
2026-01-07 05:00:00,189.17,0,0.010226696216389275,0,0.0,0,137124.287365156,138901.53462075038
2026-01-08 05:00:00,185.09,0,-0.021567901887191376,0,-0.0,0,137124.287365156,135905.71995006973
2026-01-09 05:00:00,184.82,0,-0.0014587497973959085,0,-0.0,0,137124.287365156,135707.4675086276
2026-01-12 05:00:00,184.88,0,0.0003246401904555274,0,0.0,0,137124.287365156,135751.52360672585
2026-01-13 05:00:00,185.79,0,0.004922111639982685,0,0.0,0,137124.287365156,136419.7077612159
2026-01-14 05:00:00,183.3,0,-0.013402228322299314,0,-0.0,0,137124.287365156,134591.37969013874
2026-01-15 05:00:00,187.15,0,0.021003818876159208,0,0.0,0,137124.287365156,137418.3126514428
2026-01-16 05:00:00,186.12,0,-0.005503606732567445,0,-0.0,0,137124.287365156,136662.01630075625
2026-01-20 05:00:00,178.15,0,-0.04282183537502682,0,-0.0,0,137124.287365156,130809.89793670604
2026-01-21 05:00:00,183.3,0,0.028908223407241085,0,0.0,0,137124.287365156,134591.3796901387
2026-01-22 05:00:00,184.84,0,0.008401527550463639,0,0.0,0,137124.287365156,135722.15287466033
2026-01-23 05:00:00,187.64,0,0.015148236312486407,0,0.0,0,137124.287365156,137778.10411924508
2026-01-26 05:00:00,186.41,0,-0.006555105521210747,0,-0.0,0,137124.287365156,136874.95410823106
2026-01-27 05:00:00,188.56,0,0.011533716002360528,0,0.0,0,137124.287365156,138453.63095675153
2026-01-28 05:00:00,191.52,0,0.015697921086126554,0,0.0,0,137124.287365156,140627.0651295983
2026-01-29 05:00:00,192.49,0,0.005064745196324161,0,0.0,0,137124.287365156,141339.3053821866
2026-01-30 05:00:00,191.13,0,-0.007065302093615333,0,-0.0,0,137124.287365156,140340.7004919597
2026-02-02 05:00:00,185.66,0,-0.028619264375032705,0,-0.0,0,137124.287365156,136324.25288200303
2026-02-03 05:00:00,180.28,0,-0.028977701174189407,0,-0.0,0,137124.287365156,132373.88941919373
2026-02-04 05:00:00,174.195,0,-0.03375305080985136,0,-0.0,0,137124.287365156,127905.86680373004
2026-02-05 05:00:00,171.82,0,-0.01363414564137888,0,-0.0,0,137124.287365156,126161.97958734116
2026-02-06 05:00:00,185.21,0,0.07793039227098131,0,0.0,0,137124.287365156,135993.83214626618
2026-02-09 05:00:00,189.92,0,0.025430592300631494,0,0.0,0,137124.287365156,139452.23584697838
2026-02-10 05:00:00,188.42,0,-0.007898062342038714,0,-0.0,0,137124.287365156,138350.83339452228
2026-02-11 05:00:00,189.98,0,0.008279375862435101,0,0.0,0,137124.287365156,139496.29194507666
2026-02-12 05:00:00,186.9,0,-0.016212232866617438,0,-0.0,0,137124.287365156,137234.74557603343
2026-02-13 05:00:00,182.78,0,-0.022043873729266972,0,-0.0,0,137124.287365156,134209.56017328726
2026-02-17 05:00:00,185.11,0,0.012747565379144454,0,0.0,0,137124.287365156,135920.40531610246
2026-02-18 05:00:00,187.89,0,0.015018097347522907,0,0.0,0,137124.287365156,137961.67119465448
2026-02-19 05:00:00,187.885,0,-2.6611315131153113e-05,0,-0.0,0,137124.287365156,137957.9998531463
2026-02-20 05:00:00,189.76,0,0.009979508742049559,0,0.0,0,137124.287365156,139334.75291871643
2026-02-23 05:00:00,191.585,0,0.009617411467116366,0,0.0,0,137124.287365156,140674.79256920473
2026-02-24 05:00:00,192.865,0,0.006681107602369618,0,0.0,0,137124.287365156,141614.65599530062
2026-02-25 05:00:00,195.83,0,0.015373447748425084,0,0.0,0,137124.287365156,143791.76150965557
2026-02-26 05:00:00,184.86,0,-0.05601797477403869,0,-0.0,0,137124.287365156,135736.8382406931
2026-02-27 05:00:00,177.205,0,-0.04140971546034833,0,-0.0,0,137124.287365156,130116.01439165865
2026-03-02 05:00:00,182.4,0,0.029316328546034276,0,0.0,0,137124.287365156,133930.53821866505
2026-03-03 05:00:00,180.03,0,-0.01299342105263157,0,-0.0,0,137124.287365156,132190.32234378436
2026-03-04 05:00:00,182.97,0,0.01633061156473925,0,0.0,0,137124.287365156,134349.07115059838
2026-03-05 05:00:00,183.305,0,0.001830901240640559,0,0.0,0,137124.287365156,134595.0510316469
2026-03-06 05:00:00,177.7,0,-0.030577452879081424,0,-0.0,0,137124.287365156,130479.47720096918
2026-03-09 04:00:00,182.65,0,0.02785593697242561,0,0.0,0,137124.287365156,134114.10529407443
2026-03-10 04:00:00,184.765,0,0.011579523679167592,0,0.0,0,137124.287365156,135667.0827520375
2026-03-11 04:00:00,186.01,0,0.00673828917814534,0,0.0,0,137124.287365156,136581.24678757612
2026-03-12 04:00:00,183.11,0,-0.015590559647330693,0,-0.0,0,137124.287365156,134451.86871282765
2026-03-13 04:00:00,180.21,0,-0.0158374747419584,0,-0.0,0,137124.287365156,132322.49063807912
2026-03-16 04:00:00,183.17,0,0.016425281615892517,0,0.0,0,137124.287365156,134495.92481092588
2026-03-17 04:00:00,181.96,0,-0.0066058852432165915,0,-0.0,0,137124.287365156,133607.4601659446
2026-03-18 04:00:00,180.375,0,-0.008710705649593309,0,-0.0,0,137124.287365156,132443.6449078493
2026-03-19 04:00:00,178.505,0,-0.010367290367290338,0,-0.0,0,137124.287365156,131070.56318378734
2026-03-20 04:00:00,172.905,0,-0.03137167026133714,0,-0.0,0,137124.287365156,126958.6606946178
2026-03-23 04:00:00,175.605,0,0.01561551140799855,0,0.0,0,137124.287365156,128941.18510903882
2026-03-24 04:00:00,175.3,0,-0.0017368525953131986,0,-0.0,0,137124.287365156,128717.23327703943
2026-03-25 04:00:00,178.65,0,0.01911009697661159,0,0.0,0,137124.287365156,131177.0320875248
2026-03-26 04:00:00,171.225,0,-0.04156171284634769,0,-0.0,0,137124.287365156,125725.08994786696
2026-03-27 04:00:00,167.43,0,-0.02216381953569857,0,-0.0,0,137124.287365156,122938.54174315295
2026-03-30 04:00:00,165.18,0,-0.013438451890342207,0,-0.0,0,137124.287365156,121286.43806446878
2026-03-31 04:00:00,174.41,0,0.055878435645961844,0,0.0,0,137124.287365156,128063.73448858212
2026-04-01 04:00:00,175.81,0,0.0080270626684249,0,0.0,0,137124.287365156,129091.7101108745
2026-04-02 04:00:00,177.305,0,0.00850349809453399,0,0.0,0,137124.287365156,130189.44122182246
2026-04-06 04:00:00,177.59,0,0.0016073996785199718,0,0.0,0,137124.287365156,130398.70768778912
2026-04-07 04:00:00,178.11,0,0.0029280927980179783,0,0.0,0,137124.287365156,130780.52720464057
2026-04-08 04:00:00,182.12,0,0.02251417663241817,0,0.0,0,137124.287365156,133724.94309420662
2026-04-09 04:00:00,183.88,0,0.009663957830002179,0,0.0,0,137124.287365156,135017.25530508847
2026-04-10 04:00:00,188.61,0,0.025723297802914935,0,0.0,0,137124.287365156,138490.34437183346
2026-04-13 04:00:00,189.24,0,0.0033402258628916215,0,0.0,0,137124.287365156,138952.93340186504
2026-04-14 04:00:00,196.5,0,0.03836398224476856,0,0.0,0,137124.287365156,144283.72127175267
2026-04-15 04:00:00,198.85,0,0.01195928753180664,0,0.0,0,137124.287365156,146009.25178060064
2026-04-16 04:00:00,198.26,0,-0.002967060598441096,0,-0.0,0,137124.287365156,145576.03348263455
2026-04-17 04:00:00,201.67,1,0.01719963684051251,0,0.0,0,137124.287365156,148079.88839121815
2026-04-20 04:00:00,202.12,0,0.00223136807656088,1,0.00223136807656088,1,137430.26212250377,148410.30912695502
2026-04-21 04:00:00,199.82,0,-0.011379378586978128,0,-0.0,-1,137430.26212250377,146721.49203318893
2026-04-22 04:00:00,202.42,0,0.013011710539485577,0,0.0,0,137430.26212250377,148630.58961744624
2026-04-23 04:00:00,199.68,0,-0.013536211836774892,0,-0.0,0,137430.26212250377,146618.69447095974
2026-04-24 04:00:00,208.18,0,0.04256810897435903,0,0.0,0,137430.26212250377,152859.9750348778
2026-04-27 04:00:00,216.54,0,0.04015755596118731,0,0.0,0,137430.26212250377,158998.4580365666
2026-04-28 04:00:00,213.15,0,-0.01565530617899691,0,-0.0,0,137430.26212250377,156509.28849401575
2026-04-29 04:00:00,209.35,0,-0.01782782078348588,0,-0.0,0,137430.26212250377,153719.06894779354
2026-04-30 04:00:00,199.54,0,-0.046859326486744735,0,-0.0,0,137430.26212250377,146515.89690873047
2026-05-01 04:00:00,198.39,0,-0.005763255487621577,0,-0.0,0,137430.26212250377,145671.4883618474
2026-05-04 04:00:00,198.56,0,0.0008568980291345785,0,0.0,0,137430.26212250377,145796.3139731258
2026-05-05 04:00:00,196.5,0,-0.0103746978243352,0,-0.0,0,137430.26212250377,144283.72127175273
2026-05-06 04:00:00,207.67,0,0.05684478371501256,0,0.0,0,137430.26212250377,152485.49820104268
2026-05-07 04:00:00,211.56,0,0.01873164154668472,0,0.0,0,137430.26212250377,155341.80189441226
2026-05-08 04:00:00,215.21,0,0.017252788806957797,0,0.0,0,137430.26212250377,158021.88119538882
2026-05-11 04:00:00,219.45,1,0.01970168672459449,0,0.0,0,137430.26212250377,161135.17879433147
2026-05-12 04:00:00,220.88,1,0.006516290726817031,1,0.006516290726817031,1,138325.7976651567,162185.18246567296
2026-05-13 04:00:00,225.91,0,0.02277254617892077,1,0.02277254617892077,0,141475.82828022251,165878.5520229092
2026-05-14 04:00:00,235.78,0,0.04368996503032174,0,0.0,-1,141475.82828022251,173125.78016007048
2026-05-15 04:00:00,225.305,0,-0.04442700822800916,0,-0.0,0,141475.82828022251,165434.31970041853
2026-05-18 04:00:00,222.35,0,-0.013115554470606527,0,-0.0,0,141475.82828022251,163264.55686907994
2026-05-19 04:00:00,220.645,0,-0.007668090847762432,0,-0.0,0,141475.82828022251,162012.62941478816
2026-05-20 04:00:00,223.48,0,0.012848693602846017,0,0.0,0,141475.82828022251,164094.2800499302
2026-05-21 04:00:00,219.47,0,-0.017943440128870503,0,-0.0,0,141475.82828022251,161149.86416036417
2026-05-22 04:00:00,215.34,0,-0.01881806169408118,0,-0.0,0,141475.82828022251,158117.33607460166
2026-05-26 04:00:00,214.785,0,-0.002577319587628857,0,-0.0,0,141475.82828022251,157709.8171671929
2026-05-27 04:00:00,212.575,0,-0.010289359126568476,0,-0.0,0,141475.82828022251,156087.0842205742
2026-05-28 04:00:00,214.27,0,0.007973656356580205,0,0.0,0,141475.82828022251,157331.66899184964
2026-05-29 04:00:00,211.155,0,-0.0145377327670696,0,-0.0,0,141475.82828022251,155044.4232322491
2026-06-01 04:00:00,224.42,0,0.06282115033979774,0,0.0,0,141475.82828022251,164784.49225346945
2026-06-02 04:00:00,222.82,0,-0.007129489350325313,0,-0.0,0,141475.82828022251,163609.66297084957
2026-06-03 04:00:00,214.86,0,-0.0357239027017322,0,-0.0,0,141475.82828022251,157764.88728981576
2026-06-04 04:00:00,218.64,0,0.017592851158894085,0,0.0,0,141475.82828022251,160540.42147000518
2026-06-05 04:00:00,205.17,0,-0.06160812294182216,0,-0.0,0,141475.82828022251,150649.82744694914
2026-06-08 04:00:00,208.66,0,0.017010284154603594,0,0.0,0,141475.82828022251,153212.42381966376
2026-06-09 04:00:00,208.2,0,-0.002204543276143056,0,-0.0,0,141475.82828022251,152874.66040091054
2026-06-10 04:00:00,200.41,0,-0.03741594620557154,0,-0.0,0,141475.82828022251,147154.71033115505
2026-06-11 04:00:00,204.86,0,0.022204480814330685,0,0.0,0,141475.82828022251,150422.20427344157
2026-06-12 04:00:00,205.17,0,0.0015132285463241857,0,0.0,0,141475.82828022251,150649.82744694914
2026-06-15 04:00:00,212.46,0,0.0355315104547449,0,0.0,0,141475.82828022251,156002.64336588595
2026-06-16 04:00:00,207.37,0,-0.02395745081427092,0,-0.0,0,141475.82828022251,152265.2177105515
2026-06-17 04:00:00,204.7,0,-0.012875536480686733,0,-0.0,0,141475.82828022251,150304.72134517957
2026-06-18 04:00:00,210.38,0,0.02774792379091351,0,0.0,0,141475.82828022251,154475.3652984801
2026-06-22 04:00:00,208.59,0,-0.008508413347276367,0,-0.0,0,141475.82828022251,153161.02503854912
2026-06-23 04:00:00,200.07,0,-0.040845678124550644,0,-0.0,0,141475.82828022251,146905.0591085983
2026-06-24 04:00:00,198.94,0,-0.005648023191882845,0,-0.0,0,141475.82828022251,146075.335927748
2026-06-25 04:00:00,195.89,0,-0.015331255654971399,0,-0.0,0,141475.82828022251,143835.81760775388
2026-06-26 04:00:00,191.97,0,-0.020011230792791768,0,-0.0,0,141475.82828022251,140957.4858653352
2026-06-29 04:00:00,194.92,0,0.015366984424649566,0,0.0,0,141475.82828022251,143123.57735516556
2026-06-30 04:00:00,199.93,0,0.025702852452288205,0,0.0,0,141475.82828022251,146802.26154636903
2026-07-01 04:00:00,197.54,0,-0.011954183964387632,0,-0.0,0,141475.82828022251,145047.3603054556
2026-07-02 04:00:00,194.51,0,-0.015338665586716593,0,-0.0,0,141475.82828022251,142822.52735149424
2026-07-06 04:00:00,195.59,0,0.005552413757647479,0,0.0,0,141475.82828022251,143615.53711726266
2026-07-07 04:00:00,196.97,0,0.007055575438417172,0,0.0,0,141475.82828022251,144628.8273735223
