date,close,portfolio_value,daily_returns,drawdown
2022-04-06 04:00:00,446.52,100000.0,0.0,0.0
2022-04-07 04:00:00,448.77,100503.89680193497,0.0050389680193496655,0.0
2022-04-08 04:00:00,447.57,100235.151840903,-0.0026739755331237625,-0.0026739755331237625
2022-04-11 04:00:00,439.92,98521.90271432413,-0.01709229841142157,-0.01972056955678847
2022-04-12 04:00:00,438.29,98156.85747558901,-0.0037052191307510585,-0.02335271965594843
2022-04-13 04:00:00,443.31,99281.10722923947,0.011453603778320387,-0.012166588675713519
2022-04-14 04:00:00,437.79,98044.88040849236,-0.012451783176558151,-0.024466876128083292
2022-04-18 04:00:00,437.97,98085.19215264716,0.0004111560337147768,-0.02406577979811475
2022-04-19 04:00:00,445.04,99668.54788139391,0.016142658172934254,-0.008311607282126543
2022-04-20 04:00:00,444.71,99594.6430171101,-0.0007415063814490974,-0.009046950553735833
2022-04-21 04:00:00,438.06,98105.34802472455,-0.014953565244766098,-0.02386523163313048
2022-04-22 04:00:00,426.04,95413.41933172088,-0.027439163584896953,-0.050649553223254484
2022-04-25 04:00:00,428.51,95966.58604317837,0.005797577692235434,-0.04514562025090807
2022-04-26 04:00:00,416.1,93187.3152378393,-0.028960817717206155,-0.0727989838892974
2022-04-27 04:00:00,417.27,93449.34157484547,0.0028118240807497585,-0.07019185774450165
2022-04-28 04:00:00,427.81,95809.81814924304,0.02525942435353623,-0.04670543931189697
2022-04-29 04:00:00,412.0,92269.10328764669,-0.03695565788551003,-0.08193506696080399
2022-05-02 04:00:00,414.48,92824.50954044613,0.006019417475728206,-0.0764088508590145
2022-05-03 04:00:00,416.38,93250.02239541343,0.004584057131827857,-0.07217505626490184
2022-05-04 04:00:00,429.06,96089.7608169847,0.030452951630721925,-0.043920048131559586
2022-05-05 04:00:00,413.81,92674.4602705366,-0.035542814524775146,-0.07790182053167549
2022-05-06 04:00:00,411.34,92121.2935590791,-0.00596892293564677,-0.08340575350402213
2022-05-09 04:00:00,398.17,89171.81761175313,-0.032017309281859196,-0.1127526349800565
2022-05-10 04:00:00,399.09,89377.85541521097,0.002310570861692174,-0.1107025870713283
2022-05-11 04:00:00,392.75,87957.98620442534,-0.015886140970708396,-0.12483009113799948
2022-05-12 04:00:00,392.34,87866.16500940608,-0.0010439210693825585,-0.12574369944515007
2022-05-13 04:00:00,401.72,89966.8547881394,0.023907835041035996,-0.10484212402789839
2022-05-16 04:00:00,400.09,89601.80954940428,-0.004057552524146413,-0.10847427412705846
2022-05-17 04:00:00,408.32,91444.9520738153,0.02057037166637521,-0.09013525859571714
2022-05-18 04:00:00,391.86,87758.6670249933,-0.04031152037617547,-0.12681328965839955
2022-05-19 04:00:00,389.46,87221.17710292933,-0.006124636349716717,-0.1321612407246473
2022-05-20 04:00:00,389.63,87259.2493057422,0.00043650182303700547,-0.1317824275241214
2022-05-23 04:00:00,396.92,88891.87494401148,0.018710058260400952,-0.11553802616039388
2022-05-24 04:00:00,393.89,88213.29391740572,-0.007633780106822585,-0.12228981438153175
2022-05-25 04:00:00,397.37,88992.65430439847,0.008834953921145416,-0.11453528533547241
2022-05-26 04:00:00,405.31,90770.85012989341,0.019981377557440227,-0.09684248055796951
2022-05-27 04:00:00,415.26,92999.19376511691,0.024549110557350984,-0.07467076676248408
2022-05-31 04:00:00,412.93,92477.38063244648,-0.0056109425420218795,-0.07986273592263293
2022-06-01 04:00:00,409.59,91729.3738242408,-0.008088538008863555,-0.08730530115649449
2022-06-02 04:00:00,417.34,93465.018364239,0.018921360384774877,-0.07003587583840276
2022-06-03 04:00:00,410.54,91942.13025172446,-0.016293669430200608,-0.08518840385943793
2022-06-06 04:00:00,411.79,92222.07291946611,0.0030447703025284767,-0.08240301267910055
2022-06-07 04:00:00,415.74,93106.69174952971,0.00959226790354295,-0.07360117654923448
2022-06-08 04:00:00,411.22,92094.41906297591,-0.010872179727714482,-0.08367315105733453
2022-06-09 04:00:00,401.44,89904.14763056526,-0.023782889937259966,-0.10546605165229406
2022-06-10 04:00:00,389.8,87297.32150855506,-0.02899561578318044,-0.13140361432359549
2022-06-13 04:00:00,375.0,83982.80032249396,-0.037968188814776926,-0.16438264589879004
2022-06-14 04:00:00,373.87,83729.73215085552,-0.0030133333333333123,-0.1669006395258149
2022-06-15 04:00:00,379.2,84923.40768610589,0.014256292294112738,-0.15502373153285653
2022-06-16 04:00:00,366.65,82112.78330197975,-0.03309599156118148,-0.18298905898344364
2022-06-17 04:00:00,365.86,81935.85953596704,-0.0021546433928814057,-0.1847494262094168
2022-06-21 04:00:00,375.07,83998.47711188749,0.02517356365822998,-0.16422666399269115
2022-06-22 04:00:00,374.39,83846.18830063603,-0.0018129949076173268,-0.16574191679479477
2022-06-23 04:00:00,378.06,84668.09997312551,0.009802612249258935,-0.15756400828932415
2022-06-24 04:00:00,390.08,87360.02866612918,0.03179389514891806,-0.13077968669920015
2022-06-27 04:00:00,388.59,87026.33700618114,-0.003819729286300144,-0.1340998729861621
2022-06-28 04:00:00,380.65,85248.1411806862,-0.0204328469595203,-0.15179267776366512
2022-06-29 04:00:00,380.34,85178.71539908627,-0.0008143964271640769,-0.1524834547763888
2022-06-30 04:00:00,377.25,84486.69712442893,-0.00812430982804846,-0.1593689417741827
2022-07-01 04:00:00,381.24,85380.27411986026,0.010576540755467212,-0.15047797312654587
2022-07-05 04:00:00,381.96,85541.52109647944,0.0018885741265344258,-0.1488735878066717
2022-07-06 04:00:00,383.25,85830.42192958883,0.0033773169965443106,-0.14599906410856334
2022-07-07 04:00:00,388.99,87115.91865985848,0.014977168949771746,-0.13320854780845415
2022-07-08 04:00:00,388.67,87044.2533369166,-0.0008226432556107666,-0.13392160795062058
2022-07-11 04:00:00,384.23,86049.89698109828,-0.011423572696632078,-0.14381531742317888
2022-07-12 04:00:00,380.83,85288.452924841,-0.008848866564297508,-0.15139158143369658
2022-07-13 04:00:00,378.83,84840.54465645437,-0.0052516871044822055,-0.15584820732223625
2022-07-14 04:00:00,377.91,84634.50685299652,-0.002428529947469782,-0.15789825523096457
2022-07-15 04:00:00,385.13,86251.45570187227,0.019105077928607272,-0.14180983577333595
2022-07-18 04:00:00,381.95,85539.28155513751,-0.0082569521979593,-0.14889587093611434
2022-07-19 04:00:00,392.27,87850.48822001254,0.02701924335646022,-0.12589968135124896
2022-07-20 04:00:00,394.77,88410.37355549584,0.006373161342952516,-0.1203288989905742
2022-07-21 04:00:00,398.79,89310.66917495299,0.010183144615852457,-0.11137108095460913
2022-07-22 04:00:00,395.09,88482.0388784377,-0.00927806615010418,-0.11961583884840787
2022-07-25 04:00:00,395.57,88589.5368628505,0.001214913057784317,-0.11854624863515828
2022-07-26 04:00:00,390.89,87541.43151482577,-0.011831028642212416,-0.12897475321434138
2022-07-27 04:00:00,401.04,89814.56597688794,0.025966384404819687,-0.10635737683000202
2022-07-28 04:00:00,406.04,90934.33664785454,0.012467584280869914,-0.09521581210865249
2022-07-29 04:00:00,411.99,92266.86374630476,0.014653728696679913,-0.08195735009024663
2022-08-01 04:00:00,410.77,91993.63970258892,-0.0029612369232262514,-0.084675891882256
2022-08-02 04:00:00,408.06,91386.72399892502,-0.006597365922535792,-0.09071461996122743
2022-08-03 04:00:00,414.45,92817.79091642033,0.01565946184384659,-0.07647570024734263
2022-08-04 04:00:00,414.17,92755.0837588462,-0.0006755941609362104,-0.07709962787173819
2022-08-05 04:00:00,413.47,92598.31586491088,-0.0016901272424366676,-0.0786594469327272
2022-08-08 04:00:00,412.99,92490.81788049809,-0.0011609064744722009,-0.07972903714597668
2022-08-09 04:00:00,411.35,92123.53310042105,-0.003971040461028141,-0.08338347037457938
2022-08-10 04:00:00,419.99,94058.49681985131,0.02100401118269124,-0.06413084653608747
2022-08-11 04:00:00,419.99,94058.49681985131,0.0,-0.06413084653608747
2022-08-12 04:00:00,427.1,95650.8107139658,0.01692897449939279,-0.0482875415023285
2022-08-15 04:00:00,428.86,96044.96999014603,0.004120814797471173,-0.04436571072041351
2022-08-16 04:00:00,429.7,96233.09146286841,0.0019586811546892235,-0.04249392784722683
2022-08-17 04:00:00,426.65,95550.03135357879,-0.007097975331626816,-0.04929028232725008
2022-08-18 04:00:00,427.89,95827.7344799785,0.0029063635298254287,-0.04652717427635533
2022-08-19 04:00:00,422.14,94539.99820836693,-0.013438033139358208,-0.05933997370590727
2022-08-22 04:00:00,413.35,92571.44136880769,-0.020822475955843855,-0.07892684448603948
2022-08-23 04:00:00,412.35,92347.48723461437,-0.0024192572880126217,-0.08115515743030943
2022-08-24 04:00:00,413.67,92643.10669174955,0.0032011640596580904,-0.07821378434387316
2022-08-25 04:00:00,419.51,93950.99883543851,0.014117533299489837,-0.06520043674933707
2022-08-26 04:00:00,405.31,90770.85012989341,-0.03384901432623766,-0.09684248055796951
2022-08-29 04:00:00,402.63,90170.65305025532,-0.006612222743085594,-0.10281435924861282
2022-08-30 04:00:00,398.21,89180.77577712086,-0.01097782082805554,-0.11266350246228574
2022-08-31 04:00:00,395.18,88502.1947505151,-0.007609050500991921,-0.11941529068342349
2022-09-01 04:00:00,396.42,88779.89787691482,0.0031378106179462684,-0.11665218263252886
2022-09-02 04:00:00,392.24,87843.76959598676,-0.01054437213056858,-0.12596653073957698
2022-09-06 04:00:00,390.76,87512.31747738064,-0.0037732000815827726,-0.12926443389709652
2022-09-07 04:00:00,397.78,89084.47549941772,0.01796499129900697,-0.11362167702832193
2022-09-08 04:00:00,400.38,89666.75624832035,0.006536276333651836,-0.10782806337322015
2022-09-09 04:00:00,406.6,91059.75096300279,0.015535241520555632,-0.09396795685986126
2022-09-12 04:00:00,410.97,92038.43052942758,0.010747663551401887,-0.08423022929340196
2022-09-13 04:00:00,393.1,88036.37015139301,-0.04348249263936532,-0.1240501816075048
2022-09-14 04:00:00,394.6,88372.30135268299,0.0038158229458153947,-0.12070771219109999
2022-09-15 04:00:00,390.12,87368.98683149692,-0.011353269133299593,-0.13069055418142916
2022-09-16 04:00:00,385.56,86347.75597957539,-0.011688711165795174,-0.14085166120729997
2022-09-19 04:00:00,388.55,87017.37884081341,0.007754953833385203,-0.13418900550393287
2022-09-20 04:00:00,384.09,86018.5434023112,-0.011478574186076562,-0.14412728123537677
2022-09-21 04:00:00,377.39,84518.05070321598,-0.01744382826941604,-0.15905697796198504
2022-09-22 04:00:00,374.22,83808.11609782318,-0.00839979861681539,-0.16612072999532046
2022-09-23 04:00:00,367.95,82403.92367643108,-0.01675485008818345,-0.18009225215589275
2022-09-26 04:00:00,364.31,81588.7306279674,-0.009892648457671016,-0.18820331127303525
2022-09-27 04:00:00,363.38,81380.45328316762,-0.002552770991737674,-0.19027564231120608
2022-09-28 04:00:00,370.53,82981.72534264982,0.019676371842148432,-0.17434320475967657
2022-09-29 04:00:00,362.79,81248.32034399356,-0.020888996842360785,-0.19159034694832533
2022-09-30 04:00:00,357.18,79991.93765116905,-0.015463491275944818,-0.20409118256567949
2022-10-03 04:00:00,366.61,82103.82513661204,0.026401254269555974,-0.1830781915012143
2022-10-04 04:00:00,377.97,84647.94410104812,0.030986607021085133,-0.1577645564543083
2022-10-05 04:00:00,377.09,84450.864462958,-0.0023282271079716477,-0.15972547184526598
2022-10-06 04:00:00,373.2,83579.68288094598,-0.010315839719960862,-0.1683936091984759
2022-10-07 04:00:00,362.79,81248.32034399356,-0.027893890675241062,-0.19159034694832533
2022-10-10 04:00:00,360.02,80627.96739227806,-0.007635271093470175,-0.19776277380395302
2022-10-11 04:00:00,357.74,80117.3519663173,-0.006332981501027679,-0.20284332731688837
2022-10-12 04:00:00,356.56,79853.08608796919,-0.0032984849331917365,-0.20547273659112686
2022-10-13 04:00:00,365.97,81960.4944907283,0.026391070226609914,-0.18450431178554716
2022-10-14 04:00:00,357.63,80092.71701155604,-0.022788753176489873,-0.20308844174075802
2022-10-17 04:00:00,366.82,82150.85550479262,0.025696949361071475,-0.18261024578291774
2022-10-18 04:00:00,371.13,83116.09782316582,0.011749631972084451,-0.17300621699311447
2022-10-19 04:00:00,368.5,82527.0984502374,-0.00708646565893345,-0.17886668003654427
2022-10-20 04:00:00,365.41,81835.08017558005,-0.008385345997286353,-0.18575216703433828
2022-10-21 04:00:00,374.29,83823.79288721671,0.024301469582113322,-0.16596474808922157
2022-10-24 04:00:00,378.87,84849.5028218221,0.012236501108765951,-0.1557590748044655
2022-10-25 04:00:00,384.92,86204.42533369167,0.0159685380209571,-0.14227778149163262
2022-10-26 04:00:00,382.02,85554.95834453104,-0.007534033045827893,-0.14873988903001545
2022-10-27 04:00:00,379.98,85098.09191077668,-0.005340034553164674,-0.1532856474363259
2022-10-28 04:00:00,389.02,87122.63728388427,0.023790725827675052,-0.13314169842012613
2022-10-31 04:00:00,386.21,86493.32616680104,-0.007223279008791383,-0.13940325779352458
2022-11-01 04:00:00,384.52,86114.84368001434,-0.004375857694000618,-0.14316910666934068
2022-11-02 04:00:00,374.87,83953.68628504883,-0.025096223863518174,-0.16467232658154518
2022-11-03 04:00:00,371.01,83089.22332706262,-0.010296902926347884,-0.17327361454642698
2022-11-04 04:00:00,376.35,84285.13840365494,0.014393143041966594,-0.16137442342402564
2022-11-07 05:00:00,379.95,85091.37328675088,0.009565563969708979,-0.15335249682465402
2022-11-08 05:00:00,382.0,85550.47926184718,0.005395446769311807,-0.14878445528890072
2022-11-09 05:00:00,374.13,83787.96022574577,-0.0206020942408377,-0.16632127816030484
2022-11-10 05:00:00,394.69,88392.45722476038,0.054954160318605894,-0.12050716402611583
2022-11-11 05:00:00,398.51,89247.96201737884,0.009678481846512321,-0.1119950085790049
2022-11-14 05:00:00,395.12,88488.7575024635,-0.008506687410604452,-0.11954898946007975
2022-11-15 05:00:00,398.49,89243.48293469498,0.008529054464466501,-0.11203957483789018
2022-11-16 05:00:00,395.45,88562.6623667473,-0.007628798715149654,-0.11881364618847068
2022-11-17 05:00:00,394.24,88291.67786437339,-0.003059805285118289,-0.1215099048510373
2022-11-18 05:00:00,396.03,88692.55576457942,0.004540381493506329,-0.11752122468079418
2022-11-21 05:00:00,394.59,88370.06181134105,-0.0036360881751381635,-0.12072999532054285
2022-11-22 05:00:00,399.9,89559.25826390756,0.013457006006234229,-0.10889765358646974
2022-11-23 05:00:00,402.42,90123.62268207473,0.00630157539384868,-0.10328230496690949
2022-11-25 05:00:00,402.33,90103.46680999732,-0.00022364693603704744,-0.10348285313189387
2022-11-28 05:00:00,395.91,88665.68126847623,-0.015957050182685784,-0.11778862223410647
2022-11-29 05:00:00,395.23,88513.39245722478,-0.0017175620721880946,-0.11930387503620998
2022-11-30 05:00:00,407.68,91301.62142793158,0.03150064519393769,-0.09156137888004978
2022-12-01 05:00:00,407.38,91234.43518767357,-0.0007358712715855864,-0.09222987276333083
2022-12-02 05:00:00,406.91,91129.17674460272,-0.0011537139771220506,-0.09327717984713757
2022-12-05 05:00:00,399.59,89489.83248230763,-0.017989235948981497,-0.10958843059919343
2022-12-06 05:00:00,393.83,88199.85666935412,-0.014414775144523051,-0.12242351315818789
2022-12-07 05:00:00,393.16,88049.8073994446,-0.0017012416524896379,-0.12391648283084877
2022-12-08 05:00:00,396.24,88739.58613276003,0.007833960728456768,-0.1170532789624974
2022-12-09 05:00:00,393.28,88076.6818955478,-0.0074702200686453946,-0.12364908527753637
2022-12-12 05:00:00,398.95,89346.50183642391,0.014417209113100071,-0.11101455088352608
2022-12-13 05:00:00,401.97,90022.84332168773,0.007569870911141807,-0.10428504579183095
2022-12-14 05:00:00,399.4,89447.2811968109,-0.006393511953628472,-0.11001181005860461
2022-12-15 05:00:00,389.63,87259.2493057422,-0.024461692538808144,-0.1317824275241214
2022-12-16 05:00:00,383.27,85834.90101227269,-0.01632317840002062,-0.14595449784967807
2022-12-19 05:00:00,380.02,85107.05007614441,-0.008479661857176413,-0.15319651491855513
2022-12-20 05:00:00,380.54,85223.50622592494,0.001368349034261307,-0.15203779218753477
2022-12-21 05:00:00,386.23,86497.80524948491,0.014952436011983039,-0.1393586915346391
2022-12-22 05:00:00,380.72,85263.81797007975,-0.014266110866581916,-0.15163669585756612
2022-12-23 05:00:00,382.91,85754.2775239631,0.005752258877915306,-0.14675669050961515
2022-12-27 05:00:00,381.4,85416.10678133118,-0.003943485414327208,-0.15012144305546282
2022-12-28 05:00:00,376.66,84354.56418525487,-0.012427897220765427,-0.16068364641130195
2022-12-29 05:00:00,383.44,85872.97321508556,0.01800031858970952,-0.14557568464915216
2022-12-30 05:00:00,382.43,85646.7795395503,-0.002634049655747983,-0.14782628072286474
2023-01-03 05:00:00,380.82,85286.21338349907,-0.0042099207698140795,-0.1514138645631392
2023-01-04 05:00:00,383.76,85944.63853802742,0.007720182763510275,-0.14486262450698584
2023-01-05 05:00:00,379.38,84963.7194302607,-0.011413383364602736,-0.15462263520288788
2023-01-06 05:00:00,388.08,86912.12039774255,0.0229321524592756,-0.13523631258773983
2023-01-09 05:00:00,387.86,86862.85048822002,-0.0005668934240362633,-0.13572654143547913
2023-01-10 05:00:00,390.58,87472.00573322584,0.007012839684422234,-0.12966553022706506
2023-01-11 05:00:00,395.52,88578.33915614082,0.012647857033130094,-0.1186576642823719
2023-01-12 05:00:00,396.96,88900.83310937921,0.00364077669902918,-0.11544889364262312
2023-01-13 05:00:00,398.5,89245.72247603691,0.003879484079000406,-0.11201729170844754
2023-01-17 05:00:00,397.77,89082.23595807579,-0.0018318695106650518,-0.11364396015776457
2023-01-18 05:00:00,391.49,87675.80399534176,-0.015788018201473242,-0.1276377654477795
2023-01-19 05:00:00,388.64,87037.5347128908,-0.007279879434979208,-0.1339884573389487
2023-01-20 05:00:00,395.88,88658.96264445042,0.018629065459036642,-0.1178554716224346
2023-01-23 05:00:00,400.63,89722.74478186868,0.011998585429928266,-0.10727098513715272
2023-01-24 05:00:00,400.2,89626.44450416556,-0.0010733095374784174,-0.1082291597031887
2023-01-25 05:00:00,400.35,89660.03762429456,0.0003748125937033109,-0.10789491276154806
2023-01-26 05:00:00,404.75,90645.43581474514,0.010990383414512195,-0.09809033580676074
2023-01-27 05:00:00,405.68,90853.71315954493,0.002297714638665793,-0.09601800476858968
2023-01-30 05:00:00,400.59,89713.78661650095,-0.012546834943798046,-0.10736011765492348
2023-01-31 05:00:00,406.48,91032.87646689959,0.01470331261389446,-0.09423535441317377
2023-02-01 05:00:00,410.8,92000.35832661472,0.010627829167486835,-0.08460904249392787
2023-02-02 05:00:00,416.78,93339.60404909075,0.014556962025316311,-0.07128373108719399
2023-02-03 05:00:00,412.35,92347.48723461437,-0.010629108882383775,-0.08115515743030943
2023-02-06 05:00:00,409.83,91783.1228164472,-0.006111313204801849,-0.08677050604986969
2023-02-07 05:00:00,415.19,92983.51697572338,0.013078593563184748,-0.07482674866858297
2023-02-08 05:00:00,410.65,91966.76520648571,-0.010934752763794964,-0.08494328943556839
2023-02-09 05:00:00,407.09,91169.4884887575,-0.008669183002556924,-0.09287608351716925
2023-02-10 05:00:00,408.04,91382.24491624116,0.002333636296642183,-0.0907591862201127
2023-02-13 05:00:00,412.83,92454.98521902715,0.011739045191647923,-0.08008556721705995
2023-02-14 05:00:00,412.64,92412.43393353042,-0.00046023787030968766,-0.08050894667647124
2023-02-15 05:00:00,413.98,92712.53247334948,0.003247382706475399,-0.07752300733114947
2023-02-16 05:00:00,408.28,91435.99390844755,-0.013768781100536476,-0.09022439111348801
2023-02-17 05:00:00,407.26,91207.56069157037,-0.0024982854903496943,-0.09249727031664334
2023-02-21 05:00:00,399.09,89377.85541521097,-0.020060894760104087,-0.1107025870713283
2023-02-22 05:00:00,398.54,89254.68064140466,-0.0013781352577111328,-0.11192815919067667
2023-02-23 05:00:00,400.66,89729.4634058945,0.005319415867917954,-0.10720413574882437
2023-02-24 05:00:00,396.38,88770.93971154708,-0.010682374082763624,-0.11674131515029973
2023-02-27 05:00:00,397.73,89073.27779270806,0.0034058226953932458,-0.11373309267553533
2023-02-28 05:00:00,396.26,88744.06521544389,-0.0036959746561737727,-0.11700871270361202
2023-03-01 05:00:00,394.74,88403.65493147004,-0.0038358653409378274,-0.12039574837890232
2023-03-02 05:00:00,397.81,89091.19412344352,0.0077772711151644636,-0.1135548276399938
2023-03-03 05:00:00,404.19,90520.02149959689,0.016037806993288273,-0.09933819105555186
2023-03-06 05:00:00,404.47,90582.72865717103,0.0006927435117149994,-0.09871426343115619
2023-03-07 05:00:00,398.27,89194.21302517244,-0.015328701757856167,-0.1125298036856297
2023-03-08 05:00:00,398.92,89339.7832123981,0.0016320586536771042,-0.1110814002718542
2023-03-09 05:00:00,391.56,87691.4807847353,-0.018449814499147732,-0.1274817835416806
2023-03-10 05:00:00,385.91,86426.13992654305,-0.01442946164061698,-0.14007175167680552
2023-03-13 04:00:00,385.36,86302.96515273672,-0.0014252027674847012,-0.1412973237961539
2023-03-14 04:00:00,391.73,87729.55298754816,0.016529997924019213,-0.1271029703411547
2023-03-15 04:00:00,389.28,87180.86535877452,-0.006254307814055671,-0.13256233705461606
2023-03-16 04:00:00,396.11,88710.4720953149,0.017545211672832073,-0.11734295964525254
2023-03-17 04:00:00,389.99,87339.87279405179,-0.01545025371740183,-0.1309802348641843
2023-03-20 04:00:00,393.74,88179.70079727673,0.00961563117003017,-0.12262406132317216
2023-03-21 04:00:00,398.91,89337.54367105618,0.013130492202976463,-0.11110368340129684
2023-03-22 04:00:00,392.11,87814.65555854162,-0.017046451580556954,-0.12625621142233212
2023-03-23 04:00:00,393.17,88052.04694078655,0.0027033230471043,-0.12389419970140592
2023-03-24 04:00:00,395.75,88629.84860700529,0.00656204695170004,-0.11814515230518974
2023-03-27 04:00:00,396.49,88795.57466630836,0.0018698673404928812,-0.11649620072642997
2023-03-28 04:00:00,395.6,88596.2554868763,-0.0022446972180888425,-0.11847939924683015
2023-03-29 04:00:00,401.35,89883.99175848787,0.014534883720930258,-0.10566659981727833
2023-03-30 04:00:00,403.7,90410.28397384216,0.005855238569826726,-0.10043006439824409
2023-03-31 04:00:00,409.39,91684.58299740213,0.014094624721327609,-0.08775096374534841
2023-04-03 04:00:00,410.95,92033.95144674371,0.003810547399790032,-0.08427479555228734
2023-04-04 04:00:00,408.67,91523.33602078295,-0.00554812020927109,-0.08935534906522269
2023-04-05 04:00:00,407.6,91283.70509719611,-0.002618249443316012,-0.09173964391559142
2023-04-06 04:00:00,409.19,91639.79217056348,0.003900883218841855,-0.08819662633420233
2023-04-10 04:00:00,409.61,91733.85290692467,0.0010264180454067073,-0.087260734897609
2023-04-11 04:00:00,409.72,91758.48786168594,0.00026854813114907117,-0.08701562047373934
2023-04-12 04:00:00,408.05,91384.4844575831,-0.004075954310260643,-0.09073690309067006
2023-04-13 04:00:00,413.47,92598.31586491088,0.01328268594534987,-0.0786594469327272
2023-04-14 04:00:00,412.46,92372.12218937562,-0.002442740706702029,-0.08091004300643989
2023-04-17 04:00:00,413.94,92703.57430798173,0.0035882267371383225,-0.07761213984892035
2023-04-18 04:00:00,414.21,92764.04192421393,0.0006522684447021199,-0.07701049535396742
2023-04-19 04:00:00,414.14,92748.3651348204,-0.00016899640279088857,-0.07716647726006631
2023-04-20 04:00:00,411.88,92242.2287915435,-0.005457091804703773,-0.08220246451411628
2023-04-21 04:00:00,412.2,92313.89411448536,0.0007769253180538449,-0.08148940437194996
2023-04-24 04:00:00,412.63,92410.19439218848,0.0010431829209121002,-0.08053122980591398
2023-04-25 04:00:00,406.08,90943.29481322225,-0.015873785231321103,-0.09512667959088184
2023-04-26 04:00:00,404.36,90558.09370240975,-0.0042356185973206895,-0.09895937785502595
2023-04-27 04:00:00,412.41,92360.92448266597,0.019908002769809308,-0.08102145865365318
2023-04-28 04:00:00,415.93,93149.24303502643,0.008535195557818565,-0.0731777970898233
2023-05-01 04:00:00,415.51,93055.18229866524,-0.0010097853004110702,-0.07411368852641664
2023-05-02 04:00:00,410.84,92009.31649198245,-0.011239200019253492,-0.08451990997615699
2023-05-03 04:00:00,408.02,91377.76583355729,-0.006863985979943532,-0.09080375247899819
2023-05-04 04:00:00,405.13,90730.5383857386,-0.007082986128130964,-0.09724357688793817
2023-05-05 04:00:00,412.63,92410.19439218848,0.01851257621010527,-0.08053122980591398
2023-05-08 04:00:00,412.74,92434.82934694976,0.00026658265273993287,-0.08028611538204422
2023-05-09 04:00:00,410.93,92029.47236405985,-0.004385327324708088,-0.08431936181117272
2023-05-10 04:00:00,412.85,92459.46430171102,0.004672328620446198,-0.08004100095817446
2023-05-11 04:00:00,412.13,92298.21732509183,-0.001743974809252813,-0.08164538627804885
2023-05-12 04:00:00,411.59,92177.28209262743,-0.0013102661781477787,-0.0828486752679547
2023-05-15 04:00:00,413.01,92495.29696318194,0.0034500352292330394,-0.07968447088709141
2023-05-16 04:00:00,410.25,91877.18355280839,-0.00668264690927578,-0.08583461461327635
2023-05-17 04:00:00,415.23,92992.47514109111,0.01213893967093238,-0.0747376161508122
2023-05-18 04:00:00,419.23,93888.29167786438,0.009633215326445566,-0.06582436437373262
2023-05-19 04:00:00,418.62,93751.67965600645,-0.0014550485413735714,-0.06718363526973725
2023-05-22 04:00:00,418.79,93789.75185881933,0.00040609622091647424,-0.06680482206921123
2023-05-23 04:00:00,414.09,92737.16742811073,-0.011222808567539988,-0.07727789290727993
2023-05-24 04:00:00,411.09,92065.30502553078,-0.007244801854669247,-0.08396283174008956
2023-05-25 04:00:00,414.65,92862.58174325898,0.008659904157240383,-0.07603003765848881
2023-05-26 04:00:00,420.02,94065.2154438771,0.012950681297479782,-0.06406399714775945
2023-05-30 04:00:00,420.18,94101.04810534803,0.0003809342412266492,-0.06370746707667618
2023-05-31 04:00:00,417.85,93579.23497267762,-0.0055452425151124585,-0.06889943623682493
2023-06-01 04:00:00,421.82,94468.33288542507,0.009501017111403387,-0.06005303384807359
2023-06-02 04:00:00,427.92,95834.45310400431,0.014461144564032136,-0.046460324888027316
2023-06-05 04:00:00,427.1,95650.8107139658,-0.0019162460272947879,-0.0482875415023285
2023-06-06 04:00:00,428.03,95859.08805876557,0.00217747600093654,-0.04621521046415755
2023-06-07 04:00:00,426.55,95527.63594015947,-0.0034577015629745356,-0.049513113621676985
2023-06-08 04:00:00,429.13,96105.43760637823,0.006048528894619709,-0.043764066225460696
2023-06-09 04:00:00,429.9,96277.88228970708,0.0017943280590964061,-0.0420482652583728
2023-06-12 04:00:00,433.8,97151.30341306102,0.009071877180739651,-0.033357844775720236
2023-06-13 04:00:00,436.66,97791.8122368539,0.006592899953895781,-0.026984869755108387
2023-06-14 04:00:00,437.18,97908.26838663443,0.0011908578756927302,-0.02582614702408803
2023-06-15 04:00:00,442.6,99122.09979396222,0.012397639416258821,-0.013748690866145052
2023-06-16 04:00:00,439.46,98418.88381259519,-0.007094441934026308,-0.020745593511152682
2023-06-20 04:00:00,437.18,97908.26838663443,-0.005188185500386799,-0.02582614702408803
2023-06-21 04:00:00,434.94,97406.61112604139,-0.0051237476554281125,-0.030817568019252617
2023-06-22 04:00:00,436.51,97758.2191167249,0.0036096932910285595,-0.027319116696748913
2023-06-23 04:00:00,433.21,97019.17047388696,-0.007559964261987018,-0.03467254941283948
2023-06-26 04:00:00,431.44,96622.77165636478,-0.004085778259966366,-0.03861666332419722
2023-06-27 04:00:00,436.17,97682.07471109918,0.010963285740775097,-0.028076743097800616
2023-06-28 04:00:00,436.39,97731.3446206217,0.000504390489946438,-0.02758651425006131
2023-06-29 04:00:00,438.11,98116.54573143422,0.003941428538692504,-0.02375381598591697
2023-06-30 04:00:00,443.28,99274.38860521365,0.011800689324598546,-0.012233438064041757
2023-07-03 04:00:00,443.79,99388.60521365226,0.0011505143475909474,-0.011096998462463925
2023-07-05 04:00:00,443.13,99240.79548508466,-0.0014871898871089417,-0.012567685005682283
2023-07-06 04:00:00,439.66,98463.67463943386,-0.007830659174508536,-0.020299930922298648
2023-07-07 04:00:00,438.55,98215.08555047927,-0.0025246781603966983,-0.02277335829043825
2023-07-10 04:00:00,439.66,98463.67463943386,0.002531068293239125,-0.020299930922298648
2023-07-11 04:00:00,442.46,99090.74621517514,0.006368557521721385,-0.014060654678343054
2023-07-12 04:00:00,446.02,99888.02293290335,0.00804592505537216,-0.006127860596742196
2023-07-13 04:00:00,449.56,100680.8205679477,0.007936863817766149,0.0
2023-07-14 04:00:00,449.28,100618.11341037355,-0.000622831212741537,-0.000622831212741537
2023-07-17 04:00:00,450.84,100967.48185971513,0.003472222222222321,0.0
2023-07-18 04:00:00,454.19,101717.72820926276,0.007430574039570814,0.0
2023-07-19 04:00:00,455.2,101943.921884798,0.002223738963869515,0.0
2023-07-20 04:00:00,452.18,101267.58039953418,-0.00663444639718791,-0.00663444639718791
2023-07-21 04:00:00,452.18,101267.58039953418,0.0,-0.00663444639718791
2023-07-24 04:00:00,454.2,101719.96775060469,0.004467247556282805,-0.002196836555360182
2023-07-25 04:00:00,455.44,101997.6708770044,0.0027300748568912514,0.0
2023-07-26 04:00:00,455.51,102013.34766639792,0.0001536975232740989,0.0
2023-07-27 04:00:00,452.49,101337.00618113411,-0.006629931285811463,-0.006629931285811463
2023-07-28 04:00:00,456.92,102329.12299561051,0.009790271608212331,0.0
2023-07-31 04:00:00,457.79,102523.9630923587,0.001904053225947555,0.0
2023-08-01 04:00:00,456.48,102230.58317656546,-0.0028615740841869686,-0.0028615740841869686
2023-08-02 04:00:00,450.13,100808.47442443788,-0.013910795653698016,-0.016732562965551923
2023-08-03 04:00:00,448.84,100519.5735913285,-0.002865838757692196,-0.019550448895781947
2023-08-04 04:00:00,446.81,100064.94669891607,-0.004522769806612592,-0.023984796522422913
2023-08-07 04:00:00,450.71,100938.36782227001,0.008728542333430234,-0.015465606500797313
2023-08-08 04:00:00,448.75,100499.41771925111,-0.004348694282354515,-0.01974704558858864
2023-08-09 04:00:00,445.75,99827.55531667116,-0.006685236768802172,-0.026300268682146744
2023-08-10 04:00:00,445.91,99863.3879781421,0.00035894559730786924,-0.0259507634504903
2023-08-11 04:00:00,445.65,99805.15990325181,-0.000583077302594881,-0.026518709451932243
2023-08-14 04:00:00,448.11,100356.08707336738,0.005520026926960631,-0.021145066515214417
2023-08-15 04:00:00,442.89,99187.04649287826,-0.011648925487045658,-0.03254767469800568
2023-08-16 04:00:00,439.64,98459.19555674998,-0.007338165232902094,-0.03964699971602703
2023-08-17 04:00:00,436.29,97708.94920720239,-0.007619870803384443,-0.04696476550383355
2023-08-18 04:00:00,436.5,97755.97957538297,0.0004813312246441104,-0.046506039887284634
2023-08-21 04:00:00,439.34,98392.00931649198,0.0065063001145475585,-0.040302322025382975
2023-08-22 04:00:00,438.15,98125.50389680194,-0.002708608367096077,-0.04290176718582761
2023-08-23 04:00:00,443.03,99218.40007166532,0.011137738217505522,-0.03224185762030629
2023-08-24 04:00:00,436.89,97843.32168771836,-0.013859106606776028,-0.04565412088512211
2023-08-25 04:00:00,439.97,98533.10042103379,0.007049829476527325,-0.03892614517573556
2023-08-28 04:00:00,442.76,99157.93245543314,0.006341341455099236,-0.032831647698726485
2023-08-29 04:00:00,449.16,100591.23891427038,0.014454783629957557,-0.018851438432468948
2023-08-30 04:00:00,451.01,101005.554062528,0.004118799536913187,-0.014810284191441592
2023-08-31 04:00:00,450.35,100857.74433396042,-0.0014633821866476548,-0.0162519932720242
2023-09-01 04:00:00,451.19,101045.8658066828,0.0018652159431553628,-0.014417090805827981
2023-09-05 04:00:00,449.24,100609.15524500584,-0.004321904297524326,-0.018676685816640726
2023-09-06 04:00:00,446.22,99932.81375974201,-0.006722464606891743,-0.025273597064156106
2023-09-07 04:00:00,444.85,99625.99659589717,-0.003070234413517947,-0.02826623561021424
2023-09-08 04:00:00,445.52,99776.0458658067,0.0015061256603348117,-0.026802682452652937
2023-09-11 04:00:00,448.45,100432.23147899311,0.006576584665110463,-0.020402367897944473
2023-09-12 04:00:00,445.99,99881.30430887756,-0.005485561378079984,-0.025776010834662078
2023-09-13 04:00:00,446.51,99997.76045865807,0.0011659454247852086,-0.024640118831778857
2023-09-14 04:00:00,450.36,100859.98387530235,0.008622427269266097,-0.01623014919504573
2023-09-15 04:00:00,443.37,99294.54447729106,-0.015520916600053392,-0.03149915900303635
2023-09-18 04:00:00,443.63,99352.77255218133,0.0005864176647045749,-0.030931213001594626
2023-09-19 04:00:00,442.71,99146.73474872347,-0.002073800238937995,-0.03294086808361918
2023-09-20 04:00:00,438.64,98235.24142255666,-0.009193377154344873,-0.041831407413879806
2023-09-21 04:00:00,431.39,96611.57394965511,-0.01652836038664962,-0.05766836322331215
2023-09-22 04:00:00,430.42,96394.3384394876,-0.002248545399754165,-0.05978723869022917
2023-09-25 04:00:00,432.23,96799.69542237751,0.004205194925886335,-0.055833460757115705
2023-09-26 04:00:00,425.88,95377.58667024995,-0.014691252342502792,-0.06970444963848044
2023-09-27 04:00:00,426.05,95415.65887306281,0.000399173476096637,-0.06933310032984552
2023-09-28 04:00:00,428.52,95968.8255845203,0.005797441614833865,-0.06393761331614933
2023-09-29 04:00:00,427.48,95735.91328495926,-0.0024269579016147347,-0.06620939732191611
2023-10-02 04:00:00,427.31,95697.84108214639,-0.0003976794235988068,-0.06658074663055102
2023-10-03 04:00:00,421.59,94416.8234345606,-0.013386066321874224,-0.07907555866226879
2023-10-04 04:00:00,424.66,95104.3626265341,0.007281956403140555,-0.07236942702986082
2023-10-05 04:00:00,424.5,95068.52996506316,-0.00037677200584007586,-0.07271893226151727
2023-10-06 04:00:00,429.54,96197.25880139749,0.011872791519434767,-0.0617095174643395
2023-10-09 04:00:00,432.29,96813.13267042911,0.006402197699864942,-0.05570239629524443
2023-10-10 04:00:00,434.54,97317.02947236407,0.005204839343958767,-0.05078747897507596
2023-10-11 04:00:00,436.32,97715.66783122817,0.004096285727435811,-0.04689923327289802
2023-10-12 04:00:00,433.66,97119.94983427395,-0.006096442977631011,-0.05270975774918629
2023-10-13 04:00:00,431.5,96636.20890441639,-0.004980860582022739,-0.057428078376548175
2023-10-16 04:00:00,436.04,97652.96067365404,0.010521436848203836,-0.0475108674282968
2023-10-17 04:00:00,436.02,97648.48159097017,-4.586735161915545e-05,-0.047554555582253966
2023-10-18 04:00:00,430.21,96347.308071307,-0.0133250768313381,-0.06024596430677831
2023-10-19 04:00:00,426.43,95500.76144405626,-0.008786406638618294,-0.06850302540466158
2023-10-20 04:00:00,421.19,94327.24178088328,-0.012288066036629686,-0.07994932174140978
2023-10-23 04:00:00,420.46,94163.75526292216,-0.0017331845485411002,-0.08154393936084237
2023-10-24 04:00:00,423.63,94873.68986831498,0.007539361651524468,-0.07461936695864912
2023-10-25 04:00:00,417.55,93512.04873241961,-0.01435214692066189,-0.08790056576159366
2023-10-26 04:00:00,412.55,92392.27806145302,-0.01197461381870446,-0.09882260425085743
2023-10-27 04:00:00,410.68,91973.48383051153,-0.00453278390498113,-0.10290744664584195
2023-10-30 04:00:00,415.59,93073.0986294007,0.01195578065647207,-0.0921820048493851
2023-10-31 04:00:00,418.2,93657.61891964526,0.006280228109434738,-0.08648070075798953
2023-11-01 04:00:00,422.66,94656.45435814747,0.010664753706360663,-0.07673824242556615
2023-11-02 04:00:00,430.76,96470.48284511332,0.019164340131547553,-0.05904454007295934
2023-11-03 04:00:00,434.69,97350.62259249306,0.00912340978735271,-0.0504598178203981
2023-11-06 05:00:00,435.69,97574.57672668638,0.0023004900043710474,-0.048275410122545326
2023-11-07 05:00:00,436.93,97852.2798530861,0.0028460602722120143,-0.045566744577207885
2023-11-08 05:00:00,437.25,97923.94517602796,0.0007323827615406397,-0.044867734113895
2023-11-09 05:00:00,433.84,97160.26157842875,-0.007798742138364845,-0.05231656436357279
2023-11-10 05:00:00,440.61,98676.4310669175,0.015604831274202535,-0.037528124249109895
2023-11-13 05:00:00,440.19,98582.37033055631,-0.0009532239395383391,-0.03844557548220806
2023-11-14 05:00:00,448.73,100494.93863656724,0.019400713328335595,-0.019790733742545696
2023-11-15 05:00:00,449.68,100707.69506405089,0.0021170859982617696,-0.017715546429585616
2023-11-16 05:00:00,450.23,100830.86983785722,0.0012230919765165993,-0.016514122195766645
2023-11-17 05:00:00,450.79,100956.28415300547,0.001243808719987527,-0.015290853884969091
2023-11-20 05:00:00,454.26,101733.40499865629,0.0076975975509661065,-0.007710959173420129
2023-11-21 05:00:00,453.27,101511.6904058049,-0.002179368643508206,-0.00987352279429432
2023-11-22 05:00:00,455.02,101903.6101406432,0.0038608334987975113,-0.006050809323052131
2023-11-24 05:00:00,455.3,101966.31729821734,0.0006153575667005029,-0.005439175167653243
2023-11-27 05:00:00,454.48,101782.67490817881,-0.0018010103228640606,-0.007230389479892518
2023-11-28 05:00:00,454.93,101883.45426856581,0.00099014258053165,-0.006247406015858825
2023-11-29 05:00:00,454.61,101811.78894562395,-0.0007034049194380998,-0.006946416479171602
2023-11-30 05:00:00,456.4,102212.66684582998,0.0039374408833945385,-0.0030363267000153016
2023-12-01 05:00:00,459.1,102817.34300815195,0.00591586327782645,0.0
2023-12-04 05:00:00,456.69,102277.61354474604,-0.005249401001960474,-0.005249401001960474
2023-12-05 05:00:00,456.6,102257.45767266865,-0.0001970702226892218,-0.00544543672402531
2023-12-06 05:00:00,454.76,101845.38206575294,-0.004029785370127104,-0.009453278152907973
2023-12-07 05:00:00,458.23,102622.50291140376,0.007630398451930809,-0.0018950119799607812
2023-12-08 05:00:00,460.2,103063.69255576459,0.004299151081334607,0.0
2023-12-11 05:00:00,461.99,103464.57045597064,0.0038896132116472693,0.0
2023-12-12 05:00:00,464.1,103937.11367911853,0.004567198424208163,0.0
2023-12-13 05:00:00,470.5,105370.42013795576,0.013790131437190212,0.0
2023-12-14 05:00:00,472.01,105708.59088058767,0.0032093517534537153,0.0
2023-12-15 05:00:00,469.33,105108.39380094958,-0.0056778458083515115,-0.0056778458083515115
2023-12-18 05:00:00,471.97,105699.63271521994,0.005625039950567956,-8.474396728885836e-05
2023-12-19 05:00:00,474.84,106342.38108035475,0.00608089497213804,0.0
2023-12-20 05:00:00,468.26,104868.76287736272,-0.013857299300817139,-0.013857299300817139
2023-12-21 05:00:00,472.7,105863.11923318105,0.009481911758424832,-0.004506781231572776
2023-12-22 05:00:00,473.65,106075.87566066471,0.002009731330653741,-0.0025061073203604955
2023-12-26 05:00:00,475.65,106523.78392905134,0.004222527182518698,0.0
2023-12-27 05:00:00,476.51,106716.3844844576,0.001808052139178118,0.0
2023-12-28 05:00:00,476.69,106756.69622861239,0.0003777465320768947,0.0
2023-12-29 05:00:00,475.31,106447.63952342562,-0.0028949631836202583,-0.0028949631836202583
2024-01-02 05:00:00,472.65,105851.92152647139,-0.00559634764679906,-0.008475109610019071
2024-01-03 05:00:00,468.79,104987.45856848519,-0.008166719559927982,-0.016572615326522433
2024-01-04 05:00:00,467.28,104649.28782585327,-0.0032210584696773514,-0.019740292433237494
2024-01-05 05:00:00,467.92,104792.618471737,0.0013696284882727117,-0.018397700811848328
2024-01-08 05:00:00,474.6,106288.63208814837,0.014275944605915525,-0.004384400763598806
2024-01-09 05:00:00,473.88,106127.38511152916,-0.001517067003792838,-0.005894816337661868
2024-01-10 05:00:00,476.56,106727.58219116725,0.005655440195830197,-0.0002727139230946918
2024-01-11 05:00:00,476.35,106680.55182298667,-0.00044065804935355946,-0.0007132517988628351
2024-01-12 05:00:00,476.68,106754.45668727046,0.0006927679227457517,-2.097799408418144e-05
2024-01-16 05:00:00,474.93,106362.53695243216,-0.003671225979692827,-0.003692126958820152
2024-01-17 05:00:00,472.29,105771.2980381618,-0.005558713915735036,-0.009230317397050491
2024-01-18 05:00:00,476.49,106711.90540177374,0.008892841262783557,-0.00041955988168396186
2024-01-19 05:00:00,482.43,108042.19295888203,0.012466158786123449,0.0
2024-01-22 05:00:00,483.45,108270.62617575921,0.002114296374603475,0.0
2024-01-23 05:00:00,484.86,108586.4015049718,0.002916537387527285,0.0
2024-01-24 05:00:00,485.39,108705.09719609424,0.0010930990388977602,0.0
2024-01-25 05:00:00,488.03,109296.3361103646,0.005438925400193639,0.0
2024-01-26 05:00:00,487.41,109157.48454716476,-0.0012704137040754349,-0.0012704137040754349
2024-01-29 05:00:00,491.27,110021.94750515095,0.007919410763012502,0.0
2024-01-30 05:00:00,490.89,109936.84493415749,-0.0007735054043601641,-0.0007735054043601641
2024-01-31 05:00:00,482.88,108142.97231926903,-0.016317301228381043,-0.017078185112056388
2024-02-01 05:00:00,489.2,109558.36244737079,0.01308813783962881,-0.0042135689132248855
2024-02-02 05:00:00,494.35,110711.72623846638,0.010527391659852947,0.0
2024-02-05 05:00:00,492.55,110308.6087969184,-0.003641144937797103,-0.003641144937797103
2024-02-06 05:00:00,493.98,110628.86320881484,0.0029032585524311205,-0.0007484575705472007
2024-02-07 05:00:00,498.1,111551.55424169132,0.008340418640431002,0.0
2024-02-08 05:00:00,498.32,111600.82415121383,0.00044167837783559705,0.0
2024-02-09 05:00:00,501.2,112245.8120576906,0.0057794188473270225,0.0
2024-02-12 05:00:00,500.98,112196.54214816807,-0.0004389465283319849,-0.0004389465283319849
2024-02-13 05:00:00,494.08,110651.25862223418,-0.013773004910375697,-0.01420590582601755
2024-02-14 05:00:00,498.57,111656.81268476218,0.009087597150259086,-0.005247406225059814
2024-02-15 05:00:00,502.01,112427.21490638718,0.006899733237057948,0.0
2024-02-16 05:00:00,499.51,111867.3295709039,-0.004979980478476476,-0.004979980478476476
2024-02-20 05:00:00,496.76,111251.45570187227,-0.005505395287381698,-0.010457959004800621
2024-02-21 05:00:00,497.21,111352.23506225925,0.0009058700378450357,-0.009561562518675015
2024-02-22 05:00:00,507.5,113656.7231031085,0.02069548078276795,0.0
2024-02-23 05:00:00,507.85,113735.10705007616,0.0006896551724138167,0.0
2024-02-26 05:00:00,505.99,113318.55236047659,-0.003662498769321565,-0.003662498769321565
2024-02-27 05:00:00,506.93,113529.06924661831,0.0018577442241942688,-0.0018115585310622961
2024-02-28 05:00:00,506.26,113379.01997670878,-0.0013216814944865263,-0.0031308457221621566
2024-02-29 05:00:00,508.08,113786.61650094061,0.0035949907162327044,0.0
2024-03-01 05:00:00,512.85,114854.87772104275,0.00938828530940028,0.0
2024-03-04 05:00:00,512.3,114731.70294723641,-0.0010724383347958666,-0.0010724383347958666
2024-03-05 05:00:00,507.18,113585.05778016664,-0.009994144056216903,-0.011055864287803474
2024-03-06 05:00:00,509.75,114160.61990504345,0.005067234512401875,-0.006044652432485309
2024-03-07 05:00:00,514.81,115293.82782406163,0.0099264345267287,0.0
2024-03-08 05:00:00,511.72,114601.8095494043,-0.006002214409199458,-0.006002214409199458
2024-03-11 04:00:00,511.28,114503.26973035923,-0.0008598452278589797,-0.006856898661642075
2024-03-12 04:00:00,516.78,115735.01746842248,0.01075731497418242,0.0
2024-03-13 04:00:00,515.97,115553.6146197259,-0.0015673981191222097,-0.0015673981191222097
2024-03-14 04:00:00,514.95,115325.18140284871,-0.0019768591197162344,-0.003541158713572412
2024-03-15 04:00:00,509.83,114178.53623577893,-0.00994271288474613,-0.01344866287395019
2024-03-18 04:00:00,512.86,114857.11726238468,0.005943157523095932,-0.007585432872789122
2024-03-19 04:00:00,515.71,115495.38654483564,0.005557072105447869,-0.0020705135647663964
2024-03-20 04:00:00,520.48,116563.64776493776,0.009249384343914313,0.0
2024-03-21 04:00:00,522.2,116948.84887575026,0.0033046418690438895,0.0
2024-03-22 04:00:00,521.21,116727.13428289889,-0.001895825354270353,-0.001895825354270353
2024-03-25 04:00:00,519.77,116404.6403296605,-0.0027628019416359173,-0.004653389505936412
2024-03-26 04:00:00,518.81,116189.6443608349,-0.001846970775535417,-0.0064917656070472285
2024-03-27 04:00:00,523.17,117166.08438591777,0.0084038472658583,0.0
2024-03-28 04:00:00,523.07,117143.68897249845,-0.00019114245847418054,-0.00019114245847418054
2024-04-01 04:00:00,522.16,116939.89071038252,-0.001739728908176863,-0.001930538830590467
2024-04-02 04:00:00,518.84,116196.36298486072,-0.006358204381798571,-0.00827646845193708
2024-04-03 04:00:00,519.41,116324.0168413509,0.0010986045794463273,-0.0071869564386337625
2024-04-04 04:00:00,513.07,114904.14763056528,-0.012206156985810734,-0.019305388305904336
2024-04-05 04:00:00,518.43,116104.54178984145,0.010446917574599812,-0.009060152531681909
2024-04-08 04:00:00,518.72,116169.48848875752,0.00055938120864929,-0.008505839402106363
2024-04-09 04:00:00,519.32,116303.86096927352,0.001156693399136488,-0.007358984651260392
2024-04-10 04:00:00,514.12,115139.29947146826,-0.010013094046060322,-0.01729839249192411
2024-04-11 04:00:00,518.0,116008.24151213832,0.007546876215669407,-0.009882065103121285
2024-04-12 04:00:00,510.85,114406.9694526561,-0.013803088803088781,-0.023548750884033853
2024-04-15 04:00:00,504.45,112973.66299381887,-0.01252813937555064,-0.03578186822638918
2024-04-16 04:00:00,503.53,112767.62519036102,-0.0018237684606997595,-0.037540378844352684
2024-04-17 04:00:00,500.55,112100.24187046495,-0.005918217385259994,-0.04323642410688677
2024-04-18 04:00:00,499.52,111869.56911224582,-0.002057736489861184,-0.04520519142917212
2024-04-19 04:00:00,495.16,110893.12908716296,-0.008728379244074325,-0.05353900261865163
2024-04-22 04:00:00,499.72,111914.35993908449,0.009209144518943502,-0.044822906512223426
2024-04-23 04:00:00,505.65,113242.40795485085,0.01186664532137982,-0.03348815872469757
2024-04-24 04:00:00,505.41,113188.65896264446,-0.0004746366063481666,-0.0339469006250358
2024-04-25 04:00:00,503.49,112758.6670249933,-0.003798895945865688,-0.037616835827742334
2024-04-26 04:00:00,508.26,113826.92824509542,0.0094738723708514,-0.028499340558518216
2024-04-29 04:00:00,510.06,114230.04568664338,0.0035414945106835294,-0.025058776305980857
2024-04-30 04:00:00,501.98,112420.49628236139,-0.015841273575657677,-0.04050308695070426
2024-05-01 04:00:00,500.35,112055.45104362628,-0.003247141320371405,-0.043618709023835356
2024-05-02 04:00:00,505.03,113103.556391651,0.009353452583191757,-0.03467324196723809
2024-05-03 04:00:00,511.29,114505.50927170117,0.01239530324931204,-0.022707724066746815
2024-05-06 04:00:00,516.57,115687.9871002419,0.010326820395470282,-0.012615402259303687
2024-05-07 04:00:00,517.14,115815.64095673207,0.0011034322550669273,-0.01152589024600037
2024-05-08 04:00:00,517.19,115826.83866344175,9.668561704789802e-05,-0.011430319016763058
2024-05-09 04:00:00,520.17,116494.22198333782,0.005761905682631019,-0.005734273754228969
2024-05-10 04:00:00,520.84,116644.27125324735,0.0012880404483150976,-0.004453619282451138
2024-05-13 04:00:00,520.91,116659.94804264087,0.00013439827970196383,-0.004319819561519167
2024-05-14 04:00:00,523.3,117195.19842336289,0.0045881246280545795,0.0
2024-05-15 04:00:00,529.78,118646.4212129356,0.012382954328301388,0.0
2024-05-16 04:00:00,528.69,118402.3112066649,-0.002057457812676855,-0.002057457812676855
2024-05-17 04:00:00,529.45,118572.51634865181,0.0014375153681740471,-0.0006229000717278277
2024-05-20 04:00:00,530.06,118709.12837050972,0.0011521390121822517,0.0
2024-05-21 04:00:00,531.36,119000.26874496105,0.0024525525412220084,0.0
2024-05-22 04:00:00,529.83,118657.61891964528,-0.002879403794037949,-0.002879403794037949
2024-05-23 04:00:00,525.96,117790.91642031714,-0.007304229658569694,-0.010162601626016232
2024-05-24 04:00:00,529.44,118570.27680730989,0.006616472735569312,-0.0036133694670279493
2024-05-28 04:00:00,529.81,118653.13983696139,0.0006988516168024983,-0.002917043059319724
2024-05-29 04:00:00,526.1,117822.2699991042,-0.007002510333893097,-0.009899126769045474
2024-05-30 04:00:00,522.61,117040.67007076953,-0.006633719825128281,-0.016467178560674478
2024-05-31 04:00:00,527.37,118106.69174952971,0.00910813034576452,-0.007509033423667599
2024-06-03 04:00:00,527.8,118202.99202723283,0.0008153668202590669,-0.006699789220114494
2024-06-04 04:00:00,528.39,118335.12496640689,0.001117847669571903,-0.005589430894309078
2024-06-05 04:00:00,534.67,119741.55692914092,0.011885160582145726,0.0
2024-06-06 04:00:00,534.66,119739.31738779899,-1.8703125292174327e-05,-1.8703125292174327e-05
2024-06-07 04:00:00,534.01,119593.74720057333,-0.001215725881868912,-0.0012344062692876134
2024-06-10 04:00:00,535.66,119963.2715219923,0.0030898297784685003,0.0
2024-06-11 04:00:00,536.95,120252.17235510169,0.0024082440353956347,0.0
2024-06-12 04:00:00,541.36,121239.81008689421,0.008213055219294052,0.0
2024-06-13 04:00:00,542.45,121483.92009316494,0.002013447613418151,0.0
2024-06-14 04:00:00,542.78,121557.82495744873,0.0006083510000920445,0.0
2024-06-17 04:00:00,547.1,122525.30681716386,0.007959025756291593,0.0
2024-06-18 04:00:00,548.49,122836.60306369257,0.002540668981904526,0.0
2024-06-20 04:00:00,547.0,122502.91140374453,-0.002716549071086094,-0.002716549071086094
2024-06-21 04:00:00,544.51,121945.26560960316,-0.004552102376599754,-0.007256285438203114
2024-06-24 04:00:00,542.74,121548.866792081,-0.0032506290058951226,-0.010483326952177796
2024-06-25 04:00:00,544.83,122016.93093254503,0.0038508309687879105,-0.006672865503473124
2024-06-26 04:00:00,545.51,122169.21974379648,0.0012480957362845935,-0.005433098142172188
2024-06-27 04:00:00,546.37,122361.82029920274,0.0015765063885171404,-0.0038651570675856117
2024-06-28 04:00:00,544.22,121880.31891068711,-0.003935062320405525,-0.007785009754051941
2024-07-01 04:00:00,545.34,122131.14754098363,0.002057991253537228,-0.005743039982497367
2024-07-02 04:00:00,549.01,122953.0592134731,0.006729746580115048,0.0
2024-07-03 04:00:00,551.46,123501.74684224672,0.004462578095116632,0.0
2024-07-05 04:00:00,554.64,124213.92098898147,0.005766510717005735,0.0
2024-07-08 04:00:00,555.28,124357.25163486518,0.001153901629886045,0.0
2024-07-09 04:00:00,555.82,124478.1868673296,0.0009724823512464731,0.0
2024-07-10 04:00:00,561.32,125709.93460539285,0.009895289842035249,0.0
2024-07-11 04:00:00,556.48,124625.99659589717,-0.00862253260172463,-0.00862253260172463
2024-07-12 04:00:00,559.99,125412.07560691572,0.006307504312823564,-0.002369414950473936
2024-07-15 04:00:00,561.53,125756.96497357341,0.002750049108019681,0.0
2024-07-16 04:00:00,564.86,126502.73224043718,0.005930226345876699,0.0
2024-07-17 04:00:00,556.94,124729.01549762611,-0.014021173388096164,-0.014021173388096164
2024-07-18 04:00:00,552.66,123770.4918032787,-0.007684849355406476,-0.02159827213822907
2024-07-19 04:00:00,548.99,122948.58013078923,-0.006640610863822172,-0.028095457281450353
2024-07-22 04:00:00,554.65,124216.1605303234,0.01030984170932081,-0.018075275289452408
2024-07-23 04:00:00,553.78,124021.32043357521,-0.0015685567474984508,-0.01961547994193269
2024-07-24 04:00:00,541.23,121210.69604944909,-0.02266242912347849,-0.04183337464150405
2024-07-25 04:00:00,538.41,120579.14539102392,-0.005210354193226685,-0.046825762135750626
2024-07-26 04:00:00,544.44,121929.58882020964,0.01119964339443924,-0.03615055057890448
2024-07-29 04:00:00,544.76,122001.2541431515,0.0005877599000807532,-0.03558403852281988
2024-07-30 04:00:00,542.0,121383.14073277795,-0.005066451281298123,-0.0404702050065503
2024-07-31 04:00:00,550.81,123356.17665502105,0.016254612546125147,-0.024873419962468835
2024-08-01 04:00:00,543.01,121609.33440831318,-0.014160962945480193,-0.03868215132953312
2024-08-02 04:00:00,532.9,119345.15811161874,-0.018618441649325024,-0.05658039160145889
2024-08-05 04:00:00,517.38,115869.38994893846,-0.029123662976168085,-0.08405622632156651
2024-08-06 04:00:00,522.15,116937.65116904059,0.009219529166183404,-0.07561165598555408
2024-08-07 04:00:00,518.66,116156.05124070591,-0.006683903092980947,-0.08179017809722766
2024-08-08 04:00:00,530.65,118841.26130968379,0.02311726371804257,-0.06056367949580432
2024-08-09 04:00:00,532.99,119365.31398369615,0.004409686233864063,-0.05642106008568504
2024-08-12 04:00:00,533.27,119428.02114127028,0.0005253381864576134,-0.055925362036610915
2024-08-13 04:00:00,542.04,121392.09889814566,0.016445702927222472,-0.04039939099953982
2024-08-14 04:00:00,543.75,121775.06046761625,0.0031547487270313646,-0.03737209219983717
2024-08-15 04:00:00,553.07,123862.31299829797,0.01714022988505759,-0.020872428566370393
2024-08-16 04:00:00,554.31,124140.01612469766,0.0022420308460049387,-0.01867719434904236
2024-08-19 04:00:00,559.61,125326.97303592226,0.009561436741173823,-0.009294338420139603
2024-08-20 04:00:00,558.7,125123.17477380634,-0.0016261324851235548,-0.010905357079630362
2024-08-21 04:00:00,560.62,125553.16671145751,0.003436549131913269,-0.007506284743122205
2024-08-22 04:00:00,556.22,124567.76852100692,-0.007848453497912966,-0.015295825514286765
2024-08-23 04:00:00,562.13,125891.33745408941,0.010625292150587828,-0.004833055978472611
2024-08-26 04:00:00,560.79,125591.23891427036,-0.0023837902264601807,-0.007205325213327285
2024-08-27 04:00:00,561.56,125763.68359759921,0.0013730630004100686,-0.005842155578373531
2024-08-28 04:00:00,558.3,125033.593120129,-0.005805256784671364,-0.011613497149736474
2024-08-29 04:00:00,558.35,125044.79082683868,8.955758552775528e-05,-0.011524979640972988
2024-08-30 04:00:00,563.68,126238.46636208905,0.0095459837019789,-0.002089013206812429
2024-09-03 04:00:00,552.08,123640.59840544658,-0.02057905194436549,-0.022625075239882442
2024-09-04 04:00:00,550.95,123387.53023380814,-0.0020468048108969183,-0.024625570937931496
2024-09-05 04:00:00,549.61,123087.43169398909,-0.002432162628187795,-0.02699784017278628
2024-09-06 04:00:00,540.36,121015.8559527009,-0.01683011590036565,-0.04337357929398433
2024-09-09 04:00:00,546.41,122370.77846457047,0.011196239544007724,-0.03266296073363317
2024-09-10 04:00:00,548.79,122903.78930395056,0.004355703592540339,-0.028449527316503298
2024-09-11 04:00:00,554.42,124164.65107945893,0.010258933289600591,-0.018482455829763267
2024-09-12 04:00:00,559.09,125210.51688614173,0.008423217055661958,-0.010214920511277148
2024-09-13 04:00:00,562.01,125864.46295798621,0.005222772719955637,-0.005045497999504489
2024-09-16 04:00:00,562.84,126050.34488936668,0.0014768420490740564,-0.0035761073540346855
2024-09-17 04:00:00,563.07,126101.85434023115,0.0004086418875701714,-0.003168926813723716
2024-09-18 04:00:00,561.4,125727.85093612829,-0.002965883460315899,-0.006125411606415887
2024-09-19 04:00:00,570.98,127873.33154170027,0.017064481653010333,0.0
2024-09-20 04:00:00,568.25,127261.93675535252,-0.004781253283827724,-0.004781253283827724
2024-09-23 04:00:00,569.67,127579.95162590702,0.002498900131984172,-0.0022943010263056784
2024-09-24 04:00:00,571.3,127944.99686464212,0.0028613056681938698,0.0
2024-09-25 04:00:00,570.04,127662.81465555854,-0.002205496236653226,-0.002205496236653226
2024-09-26 04:00:00,572.3,128168.95099883544,0.003964634060767747,0.0
2024-09-27 04:00:00,571.47,127983.069067455,-0.001450288310326675,-0.001450288310326675
2024-09-30 04:00:00,573.76,128495.92403475769,0.004007209477312923,0.0
2024-10-01 04:00:00,568.62,127344.79978500404,-0.008958449525934165,-0.008958449525934165
2024-10-02 04:00:00,568.86,127398.54877721044,0.0004220744961485057,-0.008540156162855528
2024-10-03 04:00:00,567.82,127165.6364776494,-0.001828217839187074,-0.010352760736196176
2024-10-04 04:00:00,572.98,128321.23981008692,0.009087386847944856,-0.0013594534300054306
2024-10-07 04:00:00,567.8,127161.15739496551,-0.009040455164229244,-0.010387618516452868
2024-10-08 04:00:00,573.17,128363.79109558363,0.009457555477280666,-0.0010283045175683014
2024-10-09 04:00:00,577.14,129252.8890083311,0.0069263918209256925,0.0
2024-10-10 04:00:00,576.13,129026.69533279586,-0.0017500086634091305,-0.0017500086634091305
2024-10-11 04:00:00,579.58,129799.3370957628,0.0059882318226789355,0.0
2024-10-14 04:00:00,584.32,130860.87969183913,0.008178336036440248,0.0
2024-10-15 04:00:00,579.78,129844.12792260146,-0.0077697152245346235,-0.0077697152245346235
2024-10-16 04:00:00,582.3,130408.49234076861,0.00434647624961193,-0.0034570098576124364
2024-10-17 04:00:00,582.35,130419.69004747829,8.586639189434031e-05,-0.0033714403066813503
2024-10-18 04:00:00,584.59,130921.34730807133,0.0038464840731520233,0.0
2024-10-21 04:00:00,583.63,130706.35133924574,-0.0016421765681930989,-0.0016421765681930989
2024-10-22 04:00:00,583.32,130636.92555764582,-0.0005311584394220858,-0.002172462751672044
2024-10-23 04:00:00,577.99,129443.25002239543,-0.009137351710896358,-0.011289963906327638
2024-10-24 04:00:00,579.24,129723.19269013708,0.0021626671741725723,-0.00915171316649277
2024-10-25 04:00:00,579.04,129678.40186329841,-0.00034528002209799347,-0.009493833284866415
2024-10-28 04:00:00,580.83,130079.27976350446,0.0030913235700471553,-0.006431858225422915
2024-10-29 04:00:00,581.77,130289.79664964616,0.0016183737065922355,-0.004823893669067325
2024-10-30 04:00:00,580.01,129895.63737346593,-0.0030252505285592868,-0.007834550710754562
2024-10-31 04:00:00,568.64,127349.27886768791,-0.019603110291201875,-0.027284079440291542
2024-11-01 04:00:00,571.04,127886.76878975186,0.004220596510973396,-0.023178638019808906
2024-11-04 05:00:00,569.81,127611.30520469407,-0.0021539646959933823,-0.025282676747806376
2024-11-05 05:00:00,576.7,129154.34918928606,0.012091749881539826,-0.013496638669836969
2024-11-06 05:00:00,591.04,132365.8514736182,0.024865614704352224,0.0
2024-11-07 05:00:00,595.61,133389.32186688168,0.00773213318895527,0.0
2024-11-08 05:00:00,598.19,133967.12353310044,0.004331693557865002,0.0
2024-11-11 05:00:00,598.76,134094.77738959063,0.0009528745047560072,0.0
2024-11-12 05:00:00,596.9,133678.22269999105,-0.0031064199345314236,-0.0031064199345314236
2024-11-13 05:00:00,597.19,133743.16939890714,0.0004858435248786819,-0.0026220856436635076
2024-11-14 05:00:00,593.35,132883.18552360477,-0.006430114368961459,-0.009035339702050948
2024-11-15 05:00:00,585.75,131181.13410373556,-0.012808628971096359,-0.021728238359275953
2024-11-18 05:00:00,588.15,131718.62402579954,0.0040973111395647965,-0.017719954572783747
2024-11-19 05:00:00,590.3,132200.12541431515,0.0036555300518572587,-0.01412920034738474
2024-11-20 05:00:00,590.5,132244.9162411538,0.0003388107741826296,-0.01379517669851038
2024-11-21 05:00:00,593.67,132954.85084654664,0.005368331922100067,-0.008500901863851995
2024-11-22 05:00:00,595.51,133366.92645346234,0.003099364967069196,-0.005427884294208152
2024-11-25 05:00:00,597.53,133819.31380453284,0.0033920505113265165,-0.002054245440577307
2024-11-26 05:00:00,600.65,134518.050703216,0.0052214951550551,0.0
2024-11-27 05:00:00,598.83,134110.45417898416,-0.003030050778323412,-0.003030050778323412
2024-11-29 05:00:00,602.55,134943.5635581833,0.006212113621562043,0.0
2024-12-02 05:00:00,603.63,135185.4340231121,0.0017923823749068646,0.0
2024-12-03 05:00:00,603.91,135248.1411806862,0.00046386031178013987,0.0
2024-12-04 05:00:00,607.66,136087.96918391113,0.006209534533291539,0.0
2024-12-05 05:00:00,606.66,135864.01504971783,-0.0016456571108842688,-0.0016456571108842688
2024-12-06 05:00:00,607.81,136121.56230404013,0.0018956252266506546,0.0
2024-12-09 05:00:00,604.68,135420.58586401504,-0.0051496355769072855,-0.0051496355769072855
2024-12-10 05:00:00,602.8,134999.5520917316,-0.0031090824899120406,-0.008242707425017759
2024-12-11 05:00:00,607.46,136043.1783570725,0.0077305905773061845,-0.0005758378440628986
2024-12-12 05:00:00,604.33,135342.2019170474,-0.005152602640503101,-0.005725473420970184
2024-12-13 05:00:00,604.21,135315.3274209442,-0.0001985670080916213,-0.005922903538934765
2024-12-16 05:00:00,606.79,135893.12908716296,0.0042700385627514326,-0.0016781560026980502
2024-12-17 05:00:00,604.29,135333.24375167966,-0.004120041530018659,-0.005791283460291785
2024-12-18 05:00:00,586.28,131299.82979485803,-0.0298035711330652,-0.035422253664796344
2024-12-19 05:00:00,586.1,131259.51805070322,-0.0003070205362626366,-0.035718398841743215
2024-12-20 05:00:00,591.15,132390.4864283795,0.008616277085821578,-0.027409881377403966
2024-12-23 05:00:00,594.69,133183.28406342384,0.0059883278355747915,-0.02158569289745127
2024-12-24 05:00:00,601.3,134663.62089044164,0.011115034723973682,-0.0107105838995738
2024-12-26 05:00:00,601.34,134672.5790558094,6.652253450867285e-05,-0.010644773860252199
2024-12-27 05:00:00,595.01,133254.94938636568,-0.01052649083713042,-0.02105921258287935
2024-12-30 05:00:00,588.22,131734.30081519307,-0.01141157291474082,-0.03223046675770369
2024-12-31 05:00:00,586.08,131255.03896801936,-0.003638094590459384,-0.035751303861403905
2025-01-02 05:00:00,584.64,130932.54501478099,-0.002457002457002422,-0.03812046527697788
2025-01-03 05:00:00,591.95,132569.64973573416,0.012503420908593466,-0.026093680590973833
2025-01-06 05:00:00,595.36,133333.33333333334,0.005760621674127719,-0.02048337473881634
2025-01-07 05:00:00,588.63,131826.12201021233,-0.01130408492340762,-0.03155591385465828
2025-01-08 05:00:00,589.49,132018.72256561858,0.0014610196558109134,-0.03014099800924619
2025-01-10 05:00:00,580.49,130003.13535787872,-0.015267434562079019,-0.044948256856583324
2025-01-13 05:00:00,581.39,130204.6940786527,0.0015504143051559005,-0.04346753097184963
2025-01-14 05:00:00,582.19,130383.85738600737,0.0013760126593165278,-0.04215133018541961
2025-01-15 05:00:00,592.78,132755.53166711458,0.01818993799275148,-0.024728122275052944
2025-01-16 05:00:00,591.64,132500.2239541342,-0.0019231418064036276,-0.026603708395715575
2025-01-17 05:00:00,597.58,133830.5115112425,0.010039889121763235,-0.016830917556473035
2025-01-21 05:00:00,603.05,135055.54062527994,0.009153586130727254,-0.007831394679258308
2025-01-22 05:00:00,606.44,135814.7451401953,0.005621424425835464,-0.002253993846761171
2025-01-23 05:00:00,609.75,136556.0333243752,0.005458083239891831,0.0
2025-01-24 05:00:00,607.97,136157.39496551108,-0.002919229192292039,-0.002919229192292039
2025-01-27 05:00:00,599.37,134231.38941144856,-0.014145434807638413,-0.017023370233702373
2025-01-28 05:00:00,604.52,135384.75320254412,0.008592355306404897,-0.00857728577285799
2025-01-29 05:00:00,601.81,134777.83749888022,-0.004482895520412922,-0.013021730217302463
2025-01-30 05:00:00,605.04,135501.20935232466,0.0053671424535983725,-0.007724477244772543
2025-01-31 05:00:00,601.82,134780.07704022218,-0.005321962184318352,-0.013005330053300623
2025-02-03 05:00:00,597.77,133873.06279673925,-0.006729586919676955,-0.01964739647396474
2025-02-04 05:00:00,601.78,134771.11887485444,0.006708265720929418,-0.013070930709307205
2025-02-05 05:00:00,604.22,135317.56696228613,0.004054637907541014,-0.009069290692907073
2025-02-06 05:00:00,606.32,135787.87064409212,0.003475555261328811,-0.005625256252562494
2025-02-07 05:00:00,600.77,134544.9251993192,-0.009153582266789861,-0.014727347273472802
2025-02-10 05:00:00,604.85,135458.65806682792,0.006791284518201435,-0.008036080360803721
2025-02-11 05:00:00,605.31,135561.67696855683,0.0007605191369759456,-0.007281672816728424
2025-02-12 05:00:00,603.36,135124.9664068799,-0.003221489815135814,-0.010479704797048073
2025-02-13 05:00:00,609.73,136551.5542416913,0.010557544417926223,-3.2800328003457224e-05
2025-02-14 05:00:00,609.7,136544.83561766552,-4.920210585002138e-05,-8.200082000831e-05
2025-02-18 05:00:00,611.49,136945.71351787157,0.0029358701000492538,0.0
2025-02-19 05:00:00,612.93,137268.20747110993,0.0023549035961338838,0.0
2025-02-20 05:00:00,610.38,136697.12442891698,-0.004160344574421049,-0.004160344574421049
2025-02-21 05:00:00,599.94,134359.04326793874,-0.01710409908581545,-0.021193284714404514
2025-02-24 05:00:00,597.21,133747.648481591,-0.004550455045504553,-0.025647300670549544
2025-02-25 05:00:00,594.24,133082.50470303683,-0.004973125031396131,-0.03049287846899318
2025-02-26 05:00:00,594.54,133149.69094329482,0.0005048465266557223,-0.030003426166120173
2025-02-27 05:00:00,585.05,131024.36620980024,-0.015961920139940133,-0.04548643401367203
2025-02-28 05:00:00,594.18,133069.06745498523,0.015605503803093779,-0.030590768929567802
2025-03-03 05:00:00,583.77,130737.70491803279,-0.017519943451479447,-0.047574763839263956
2025-03-04 05:00:00,576.86,129190.18185075698,-0.011836853555338478,-0.05884848188210723
2025-03-05 05:00:00,583.06,130578.69748275554,0.010747841764032762,-0.04873313428939685
2025-03-06 05:00:00,572.71,128260.77219385472,-0.017751174836208916,-0.06561923873851816
2025-03-07 05:00:00,575.92,128979.66496461525,0.005604930942361586,-0.060382099097776254
2025-03-10 04:00:00,560.58,125544.20854608978,-0.026635643839422074,-0.08540942685135322
2025-03-11 04:00:00,555.92,124500.5822807489,-0.00831281886617452,-0.09301225262264867
2025-03-12 04:00:00,558.87,125161.24697661921,0.005306518923586356,-0.08819930497772988
2025-03-13 04:00:00,551.42,123492.78867687898,-0.013330470413513096,-0.10035403716574498
2025-03-14 04:00:00,562.81,126043.62626534086,0.020655761488520552,-0.08177116473333013
2025-03-17 04:00:00,567.15,127015.58720773987,0.007711305769265042,-0.07469042141843274
2025-03-18 04:00:00,561.02,125642.74836513483,-0.010808428105439472,-0.08469156347380613
2025-03-19 04:00:00,567.13,127011.108125056,0.010890877330576476,-0.07472305157195769
2025-03-20 04:00:00,565.49,126643.82334497897,-0.002891753213548842,-0.07739872416099713
2025-03-21 04:00:00,563.98,126305.65260234705,-0.002670250579143829,-0.07986230075212497
2025-03-24 04:00:00,574.08,128567.58935769956,0.017908436469378453,-0.06338407322206452
2025-03-25 04:00:00,575.46,128876.64606288634,0.0024038461538462563,-0.06113259262884818
2025-03-26 04:00:00,568.59,127338.08116097825,-0.011938275466583215,-0.07234105036464189
2025-03-27 04:00:00,567.08,126999.91041834635,-0.0026556921507588926,-0.07480462695576973
2025-03-28 04:00:00,555.66,124442.35420585865,-0.020138252098469533,-0.093436444618472
2025-03-31 04:00:00,559.39,125277.70312639972,0.006712738005254959,-0.08735092098608321
2025-04-01 04:00:00,560.97,125631.55065842517,0.0028245052646633795,-0.08477313885761828
2025-04-02 04:00:00,564.52,126426.58783481143,0.006328324152806708,-0.07898128660695347
2025-04-03 04:00:00,536.7,120196.18382155336,-0.049280804931623234,-0.12436983016005088
2025-04-04 04:00:00,505.28,113159.54492519933,-0.05854294764300361,-0.17563180134762535
2025-04-07 04:00:00,504.38,112957.98620442534,-0.0017811906269791233,-0.1771001582562446
2025-04-08 04:00:00,496.48,111188.74854429814,-0.01566279392521508,-0.18998906889856915
2025-04-09 04:00:00,548.62,122865.7171011377,0.10501933612632941,-0.10492225865922689
2025-04-10 04:00:00,524.58,117481.85971513035,-0.04381903685611177,-0.14414370319612346
2025-04-11 04:00:00,533.94,119578.07041117981,0.017842845705135613,-0.12887279134648322
2025-04-14 04:00:00,539.12,120738.15282630119,0.009701464584035646,-0.12042158158354133
2025-04-15 04:00:00,537.61,120399.98208366928,-0.002800860661819171,-0.12288515817466916
2025-04-16 04:00:00,525.66,117723.73018005912,-0.022228009151615602,-0.14238167490578046
2025-04-17 04:00:00,526.41,117891.69578070412,0.0014267777650953661,-0.14115804414859778
2025-04-21 04:00:00,513.88,115085.55047926186,-0.02380273930966348,-0.16160083533193026
2025-04-22 04:00:00,527.25,118079.8172534265,0.026017747334007968,-0.13978757770055306
2025-04-23 04:00:00,535.42,119909.5225297859,0.01549549549549556,-0.1264581599856428
2025-04-24 04:00:00,546.69,122433.48562214461,0.021048896193642586,-0.10807106847437709
2025-04-25 04:00:00,550.64,123318.1044522082,0.007225301359088165,-0.10162661315321486
2025-04-28 04:00:00,550.85,123365.1348203888,0.0003813744006975206,-0.10128399654120368
2025-04-29 04:00:00,554.32,124142.25566603962,0.006299355541436125,-0.09562266490463822
2025-04-30 04:00:00,554.54,124191.52557556213,0.0003968826670512904,-0.09526373321586479
2025-05-01 04:00:00,558.47,125071.66532294187,0.007086954953655411,-0.0888519080482274
2025-05-02 04:00:00,566.76,126928.24509540448,0.014844127706054033,-0.07532670941216779
2025-05-05 04:00:00,563.51,126200.39415927618,-0.005734349636530522,-0.0806291093599596
2025-05-06 04:00:00,558.8,125145.57018722566,-0.008358325495554597,-0.08831351051506697
2025-05-07 04:00:00,561.15,125671.86240257997,0.004205440229062329,-0.08447946747589441
2025-05-08 04:00:00,565.06,126547.52306727582,0.006967833912500998,-0.07810027246178197
2025-05-09 04:00:00,564.34,126386.27609065665,-0.0012742009698083478,-0.07927495798867723
2025-05-12 04:00:00,582.99,130563.02069336202,0.03304745366268569,-0.04884733982673384
2025-05-13 04:00:00,586.84,131425.2441100063,0.006603886859122721,-0.04256603527319591
2025-05-14 04:00:00,587.59,131593.20971065128,0.0012780314906959411,-0.04134240451601312
2025-05-15 04:00:00,590.46,132235.9580757861,0.004884358140880618,-0.036659977485194006
2025-05-16 04:00:00,594.2,133073.5465376691,0.006334044643159675,-0.030558138776042854
2025-05-19 04:00:00,594.85,133219.11672489476,0.0010939077751597193,-0.02949765878648447
2025-05-20 04:00:00,592.85,132771.20845650812,-0.003362192149281351,-0.03276067413897188
2025-05-21 04:00:00,582.86,130533.90665591689,-0.016850805431390725,-0.04905943582464545
2025-05-22 04:00:00,583.09,130585.41610678135,0.0003946059087946985,-0.04868418905910943
2025-05-23 04:00:00,579.11,129694.07865269194,-0.006825704436707936,-0.055177589610559075
2025-05-27 04:00:00,591.15,132390.4864283795,0.020790523389338844,-0.03553423718858584
2025-05-28 04:00:00,587.73,131624.56328943835,-0.0057853336716569,-0.041113993441339036
2025-05-29 04:00:00,590.05,132144.13688076683,0.003947390808704654,-0.037328895632453896
2025-05-30 04:00:00,589.39,131996.32715219923,-0.00111854927548527,-0.038405690698774864
2025-06-02 04:00:00,592.71,132739.85487772105,0.005632942533806196,-0.03298908521364596
2025-06-03 04:00:00,596.09,133496.81985129448,0.005702620168379191,-0.02747458926794244
2025-06-04 04:00:00,595.93,133460.98718982353,-0.00026841584324532874,-0.027735630496141472
2025-06-05 04:00:00,593.05,132815.99928334678,-0.004832782373768718,-0.03243437260372306
2025-06-06 04:00:00,599.14,134179.87996058408,0.010268948655256738,-0.022498490855399567
2025-06-09 04:00:00,599.68,134300.81519304847,0.0009012918516539958,-0.021617476710227956
2025-06-10 04:00:00,603.08,135062.25924930576,0.0056696905016009325,-0.016070350610999595
2025-06-11 04:00:00,601.36,134677.05813849324,-0.002852026265172225,-0.018876543814138613
2025-06-12 04:00:00,603.75,135212.30851921526,0.003974324863642353,-0.014977240467916486
2025-06-13 04:00:00,597.0,133700.6181134104,-0.011180124223602261,-0.025989917282560726
2025-06-16 04:00:00,602.68,134972.67759562843,0.009514237855946295,-0.01672295368149712
2025-06-17 04:00:00,597.53,133819.31380453284,-0.008545164929979476,-0.0251252182141517
2025-06-18 04:00:00,597.44,133799.15793245545,-0.00015062005254962152,-0.025272053905013636
2025-06-20 04:00:00,594.28,133091.46286840455,-0.005289234065345649,-0.030427618161943615
2025-06-23 04:00:00,600.15,134406.07363611934,0.009877498822104203,-0.020850668102393333
2025-06-24 04:00:00,606.78,135890.88954582103,0.01104723819045228,-0.010033772208898228
2025-06-25 04:00:00,607.12,135967.03395144676,0.0005603348824945176,-0.009479059598975326
2025-06-26 04:00:00,611.87,137030.81608886502,0.00782382395572534,-0.001729398136818161
2025-06-27 04:00:00,614.91,137711.63665681268,0.004968375635347355,0.0
2025-06-30 04:00:00,617.85,138370.06181134106,0.004781187490852545,0.0
2025-07-01 04:00:00,617.65,138325.2709845024,-0.00032370316419849665,-0.00032370316419849665
2025-07-02 04:00:00,620.45,138952.34256024368,0.004533311746134583,0.0
2025-07-03 04:00:00,625.34,140047.478276449,0.007881376420340036,0.0
2025-07-07 04:00:00,620.68,139003.85201110813,-0.007451946141299182,-0.007451946141299182
2025-07-08 04:00:00,620.34,138927.70760548243,-0.0005477862988978455,-0.007995650366200646
2025-07-09 04:00:00,624.06,139760.81698468153,0.0059967114808006095,-0.002046886493747513
2025-07-10 04:00:00,625.82,140154.9762608618,0.0028202416434319755,0.0
2025-07-11 04:00:00,623.62,139662.27716563648,-0.0035153878111917614,-0.0035153878111917614
2025-07-14 04:00:00,624.81,139928.78258532652,0.0019082133350438735,-0.0016138825860472217
2025-07-15 04:00:00,622.14,139330.82504703038,-0.004273299082921178,-0.0058802850659934736
2025-07-16 04:00:00,624.22,139796.64964615248,0.003343298935930772,-0.002556645680866665
2025-07-17 04:00:00,628.04,140652.15443877096,0.006119637307359538,0.0
2025-07-18 04:00:00,627.58,140549.13553704205,-0.0007324374243677934,-0.0007324374243677934
2025-07-21 04:00:00,628.77,140815.64095673207,0.0018961725995090273,0.0
2025-07-22 04:00:00,628.86,140835.79682880949,0.0001431366000288481,0.0
2025-07-23 04:00:00,634.21,142033.95144674374,0.008507457939764151,0.0
2025-07-24 04:00:00,634.42,142080.9818149243,0.0003311206067388994,0.0
2025-07-25 04:00:00,637.1,142681.1788945624,0.004224330884902816,0.0
2025-07-28 04:00:00,636.94,142645.3462330915,-0.000251137968921622,-0.000251137968921622
2025-07-29 04:00:00,635.26,142269.1032876467,-0.002637611077966673,-0.00288808664259943
2025-07-30 04:00:00,634.46,142089.93998029205,-0.001259326889777368,-0.004143776487207651
2025-07-31 04:00:00,632.08,141556.92914091196,-0.0037512215112063263,-0.00787945377491761
2025-08-01 04:00:00,621.72,139236.76431066918,-0.016390330337932024,-0.024140637262596187
2025-08-04 04:00:00,631.17,141353.13087879602,0.01519976838448156,-0.009307800973159863
2025-08-05 04:00:00,627.97,140636.47764937743,-0.005069949458941125,-0.014330560351593191
2025-08-06 04:00:00,632.78,141713.69703484728,0.00765960157332346,-0.006780725160885237
2025-08-07 04:00:00,632.25,141595.0013437248,-0.000837573880337672,-0.00761261968293836
2025-08-08 04:00:00,637.18,142699.09522529788,0.007797548438117863,0.0
2025-08-11 04:00:00,635.92,142416.9130162143,-0.0019774631972127032,-0.0019774631972127032
2025-08-12 04:00:00,642.69,143933.08250470305,0.010645993206692683,0.0
2025-08-13 04:00:00,644.89,144425.78159992833,0.0034231122314023477,0.0
2025-08-14 04:00:00,644.95,144439.21884797997,9.303912295144379e-05,0.0
2025-08-15 04:00:00,643.44,144101.04810534805,-0.0023412667648655683,-0.0023412667648655683
2025-08-18 04:00:00,643.3,144069.69452656095,-0.00021758050478692947,-0.002558337855647963
2025-08-19 04:00:00,639.81,143288.09459822628,-0.005425151562257091,-0.007969610047290798
2025-08-20 04:00:00,638.11,142907.37257009765,-0.0026570388083961838,-0.010605473292503498
2025-08-21 04:00:00,635.55,142334.04998656275,-0.004011847487110476,-0.01457477323823575
2025-08-22 04:00:00,645.31,144519.84233628953,0.015356777594209836,0.0
2025-08-25 04:00:00,642.47,143883.81259518053,-0.004400985572825311,-0.004400985572825311
2025-08-26 04:00:00,645.16,144486.24921616053,0.004186965928369979,-0.00023244642109987446
2025-08-27 04:00:00,646.63,144815.4617934247,0.0022785045570090645,0.0
2025-08-28 04:00:00,648.92,145328.3167607274,0.0035414379165830123,0.0
2025-08-29 04:00:00,645.05,144461.61426139926,-0.005963755162423867,-0.005963755162423867
2025-09-02 04:00:00,640.27,143391.11349995522,-0.007410278273002002,-0.013329840350120192
2025-09-03 04:00:00,643.74,144168.23434560603,0.005419588611054849,-0.007982493990014161
2025-09-04 04:00:00,649.12,145373.10758756608,0.008357411377263979,0.0
2025-09-05 04:00:00,647.24,144952.07381528264,-0.002896228740448592,-0.002896228740448592
2025-09-08 04:00:00,648.83,145308.16088865002,0.0024565848835054194,-0.0004467586886861552
2025-09-09 04:00:00,650.33,145644.09208994,0.0023118536442521265,0.0
2025-09-10 04:00:00,652.21,146065.12586222345,0.002890840035059128,0.0
2025-09-11 04:00:00,657.63,147278.9572695512,0.008310206835221656,0.0
2025-09-12 04:00:00,657.41,147229.68736002868,-0.0003345346167297203,-0.0003345346167297203
2025-09-15 04:00:00,660.91,148013.52682970528,0.005323922666220504,0.0
2025-09-16 04:00:00,660.0,147809.72856758937,-0.0013768894403171084,-0.0013768894403171084
2025-09-17 04:00:00,659.18,147626.08617755084,-0.001242424242424267,-0.002617603001921598
2025-09-18 04:00:00,662.26,148315.86491086628,0.004672471858976568,0.0
2025-09-19 04:00:00,663.7,148638.35886410467,0.0021743726029053168,0.0
2025-09-22 04:00:00,666.84,149341.57484547168,0.004731053186680656,0.0
2025-09-23 04:00:00,663.21,148528.62133834994,-0.005443584667986334,-0.005443584667986334
2025-09-24 04:00:00,661.1,148056.07811520202,-0.003181496057055977,-0.008607761981884843
2025-09-25 04:00:00,658.05,147373.0180059124,-0.004613522916351531,-0.013181572791074458
2025-09-26 04:00:00,661.82,148217.32509182123,0.005729047944685206,-0.0075280427088957325
2025-09-29 04:00:00,663.68,148633.87978142078,0.0028104318394728267,-0.004738767920340892
2025-09-30 04:00:00,666.18,149193.76511690405,0.0037668756026998373,-0.0009897426669068787
2025-10-01 04:00:00,668.45,149702.14100152292,0.0034074874658502896,0.0
2025-10-02 04:00:00,669.22,149874.58568485177,0.0011519186176975893,0.0
2025-10-03 04:00:00,669.21,149872.34614350984,-1.4942769194004057e-05,-1.4942769194004057e-05
2025-10-06 04:00:00,671.61,150409.8360655738,0.0035863181960817947,0.0
2025-10-07 04:00:00,669.12,149852.19027143242,-0.00370750882208426,-0.00370750882208426
2025-10-08 04:00:00,673.11,150745.76726686375,0.005963055954088858,0.0
2025-10-09 04:00:00,671.16,150309.05670518678,-0.0028970004902616475,-0.0028970004902616475
2025-10-10 04:00:00,653.02,146246.52871092,-0.027027832409559527,-0.02984653325608
2025-10-13 04:00:00,663.04,148490.54913553706,0.015344093595908381,-0.014960407659966313
2025-10-14 04:00:00,662.23,148309.14628684046,-0.0012216457528958502,-0.01616377709438277
2025-10-15 04:00:00,665.17,148967.5714413688,0.0044395451731271685,-0.011795991739834477
2025-10-16 04:00:00,660.64,147953.05921347308,-0.006810289099027367,-0.01852594672490382
2025-10-17 04:00:00,664.39,148792.88721669803,0.005676313877452266,-0.01295479193593918
2025-10-20 04:00:00,671.3,150340.41028397385,0.010400517768178297,-0.0026890107114736495
2025-10-21 04:00:00,671.29,150338.17074263192,-1.4896469536673784e-05,-0.002703867124244197
2025-10-22 04:00:00,667.8,149556.57081429724,-0.005198945314245695,-0.007888755181173934
2025-10-23 04:00:00,671.76,150443.4291857028,0.005929919137466433,-0.002005615724027243
2025-10-24 04:00:00,677.25,151672.9373824241,0.008172561629153252,0.0
2025-10-27 04:00:00,685.24,153462.3309146287,0.011797711332594885,0.0
2025-10-28 04:00:00,687.06,153869.92743886053,0.002656003735917345,0.0
2025-10-29 04:00:00,687.39,153943.83230314433,0.0004803073967338811,0.0
2025-10-30 04:00:00,679.83,152250.73904864286,-0.010998123336097287,-0.010998123336097287
2025-10-31 04:00:00,682.06,152750.15676789393,0.0032802318226614613,-0.00775396790759264
2025-11-03 05:00:00,683.34,153036.8180596614,0.0018766677418409206,-0.005891851787194979
2025-11-04 05:00:00,675.24,151222.78957269553,-0.01185354289226448,-0.01767555536158505
2025-11-05 05:00:00,677.58,151746.8422467079,0.0034654345121736263,-0.0142713743289834
2025-11-06 05:00:00,670.31,150118.69569112247,-0.010729360370731245,-0.024847611981553386
2025-11-07 05:00:00,670.97,150266.50541969007,0.000984619056854319,-0.023887458356973368
2025-11-10 05:00:00,681.44,152611.3052046941,0.015604274408691943,-0.00865593040340995
2025-11-11 05:00:00,683.0,152960.67365403567,0.002289269781638792,-0.006386476381675665
2025-11-12 05:00:00,683.38,153045.77622502914,0.0005563689604686228,-0.0058336606584324935
2025-11-13 05:00:00,672.04,150506.1363432769,-0.016593988703210605,-0.022330845662578702
2025-11-14 05:00:00,671.93,150481.50138851564,-0.00016368073328976163,-0.022490871266675483
2025-11-17 05:00:00,665.67,149079.54850846546,-0.009316446653669375,-0.0315977829179942
2025-11-18 05:00:00,660.08,147827.64489832486,-0.008397554343743674,-0.03972999316254222
2025-11-19 05:00:00,662.63,148398.7279405178,0.0038631681008360896,-0.03602030870393802
2025-11-20 05:00:00,652.53,146136.7911851653,-0.015242292078535558,-0.050713568716449164
2025-11-21 05:00:00,659.03,147592.49305742185,0.00996122783626796,-0.04125751029255598
2025-11-24 05:00:00,668.73,149764.84815909705,0.014718601581111823,-0.027146161567668914
2025-11-25 05:00:00,675.02,151173.519663173,0.009405888774243643,-0.01799560656977839
2025-11-26 05:00:00,679.68,152217.14592851384,0.006903499155580306,-0.011216340068956554
2025-11-28 05:00:00,683.39,153048.01576637107,0.005458451035781797,-0.0058191128762419275
2025-12-01 05:00:00,680.27,152349.2788676879,-0.0045654750581659576,-0.01035802091971072
2025-12-02 05:00:00,681.53,152631.4610767715,0.0018522057418377535,-0.008525000363694524
2025-12-03 05:00:00,683.89,153159.99283346772,0.0034627969421743288,-0.005091723766711742
2025-12-04 05:00:00,684.39,153271.96990056438,0.0007311117284942714,-0.004364334657181557
2025-12-05 05:00:00,685.69,153563.1102750157,0.0018995017460805563,-0.0024731229724027637
2025-12-08 05:00:00,683.63,153101.76475857745,-0.003004273068004548,-0.005469966103667456
2025-12-09 05:00:00,683.04,152969.63181940338,-0.0008630399485102247,-0.0063282852529132905
2025-12-10 05:00:00,687.57,153984.14404729914,0.006632115249473047,0.0
2025-12-11 05:00:00,689.17,154342.47066200842,0.002327035792719201,0.0
2025-12-12 05:00:00,681.76,152682.97052763595,-0.010752064077078183,-0.010752064077078183
2025-12-15 05:00:00,680.73,152452.29776941685,-0.0015107955878900237,-0.012246615493999857
2025-12-16 05:00:00,678.87,152035.74307981727,-0.0027323608479132844,-0.014945514169217855
2025-12-17 05:00:00,671.4,150362.8056973932,-0.011003579477661396,-0.025784639493883765
2025-12-18 05:00:00,676.47,151498.25315775332,0.007551385165326163,-0.018427964072724956
2025-12-19 05:00:00,680.59,152420.9441906298,0.006090440078643455,-0.012449758405037703
2025-12-22 05:00:00,684.83,153370.50971960946,0.006229888772976366,-0.006297430242175106
2025-12-23 05:00:00,687.96,154071.48615963454,0.004570477344742585,-0.001755735159684635
2025-12-24 05:00:00,690.38,154613.45516438235,0.0035176463747890185,0.0
2025-12-26 05:00:00,690.31,154597.77837498882,-0.00010139343549930846,-0.00010139343549930846
2025-12-29 05:00:00,687.85,154046.85120487327,-0.003563616346279108,-0.0036646484544743396
2025-12-30 05:00:00,687.01,153858.72973215088,-0.001221196481791087,-0.004881369680465819
2025-12-31 05:00:00,681.92,152718.80318910687,-0.007408916900773055,-0.012254120918914313
2026-01-02 05:00:00,683.17,152998.74585684852,0.0018330595964335394,-0.010443523856426995
2026-01-05 05:00:00,687.72,154017.73716742813,0.0066601285185241554,-0.0038529505489730553
2026-01-06 05:00:00,691.81,154933.70957627878,0.005947187808991838,0.0
2026-01-07 05:00:00,689.58,154434.2918570277,-0.003223428397970407,-0.003223428397970407
2026-01-08 05:00:00,689.51,154418.61506763415,-0.00010151106470623894,-0.003324612249027914
2026-01-09 05:00:00,694.07,155439.8459195557,0.006613392119041217,0.0
2026-01-12 05:00:00,695.16,155683.9559258264,0.0015704467849062542,0.0
2026-01-13 05:00:00,693.77,155372.65967929768,-0.0019995396743195393,-0.0019995396743195393
2026-01-14 05:00:00,690.36,154608.9760816985,-0.0049151736166163085,-0.0069048852062832955
2026-01-15 05:00:00,692.24,155030.00985398193,0.0027232168723565486,-0.004200471833822217
2026-01-16 05:00:00,691.66,154900.1164561498,-0.0008378597018376954,-0.005034812129581678
2026-01-20 05:00:00,677.58,151746.8422467079,-0.02035682271636341,-0.025289142068012915
2026-01-21 05:00:00,685.4,153498.1635760996,0.011541072640868677,-0.014039933252776304
2026-01-22 05:00:00,688.98,154299.9193765117,0.0052232273125183415,-0.00889003970308977
2026-01-23 05:00:00,689.23,154355.90791006005,0.00036285523527546104,-0.008530410265262467
2026-01-26 05:00:00,692.73,155139.74737973665,0.005078130667556469,-0.0034955981356807886
2026-01-27 05:00:00,695.49,155757.8607901102,0.003984236282534193,0.0
2026-01-28 05:00:00,695.42,155742.18400071666,-0.00010064846367308089,-0.00010064846367308089
2026-01-29 05:00:00,694.04,155433.12729552988,-0.0019844122976043765,-0.002084861033228358
2026-01-30 05:00:00,691.97,154969.54223774973,-0.002982537029565857,-0.0050611798875611624
2026-02-02 05:00:00,695.41,155739.94445937473,0.004971313785279596,-0.0001150268156263623
2026-02-03 05:00:00,689.53,154423.09415031804,-0.008455443551286246,-0.008569497764166156
2026-02-04 05:00:00,686.19,153675.08734211235,-0.004843879164068254,-0.013371867316568142
2026-02-05 05:00:00,677.62,151755.80041207562,-0.012489252247919636,-0.02569411494054541
2026-02-06 05:00:00,690.62,154667.20415658873,0.0191847938372538,-0.007002257401256706
2026-02-09 05:00:00,693.95,155412.97142345252,0.004821754365642805,-0.0022142662008078906
2026-02-10 05:00:00,692.12,155003.13535787872,-0.0026370775992508033,-0.004845504608261719
2026-02-11 05:00:00,691.96,154967.3026964078,-0.00023117378489279083,-0.005075558239514444
2026-02-12 05:00:00,681.27,152573.23300188122,-0.015448869876871663,-0.020446016477591367
2026-02-13 05:00:00,681.75,152680.73098629402,0.0007045664714431243,-0.01975585558383297
2026-02-17 05:00:00,682.85,152927.08053390667,0.0016134946828016972,-0.018174236868970017
2026-02-18 05:00:00,686.29,153697.48275553167,0.005037709599472695,-0.013228083797035217
2026-02-19 05:00:00,684.48,153292.12577264177,-0.002637369042241655,-0.015830565500582372
2026-02-20 05:00:00,689.43,154400.6987368987,0.007231767180925663,-0.008713281283699303
2026-02-23 05:00:00,682.39,152824.06163217773,-0.010211334000551187,-0.01883564105882185
2026-02-24 05:00:00,687.35,153934.8741377766,0.007268570758657278,-0.01170397848998539
2026-02-25 05:00:00,693.15,155233.80811609785,0.008438204699207086,-0.0033645343570718467
2026-02-26 05:00:00,689.3,154371.58469945355,-0.005554353314578542,-0.008900199859092184
2026-02-27 05:00:00,685.99,153630.2965152737,-0.004801973016103189,-0.013659434355634104
2026-03-02 05:00:00,686.38,153717.6386276091,0.0005685214070176858,-0.013098678629455351
2026-03-03 05:00:00,680.33,152362.71611573952,-0.00881435939275621,-0.021797581561201373
2026-03-04 05:00:00,685.13,153437.69595986744,0.007055399585495392,-0.014895972623617748
2026-03-05 05:00:00,681.31,152582.19116724894,-0.005575584195700367,-0.02038850306977824
2026-03-06 05:00:00,672.38,150582.28074890265,-0.013107102493725153,-0.033228371364074194
2026-03-09 04:00:00,678.27,151901.37059930127,0.008759927421993385,-0.02475952206358112
2026-03-10 04:00:00,677.18,151657.26059303054,-0.001607029648959979,-0.02632676242649079
2026-03-11 04:00:00,676.33,151466.89957896626,-0.0012552054106734767,-0.027548922342520932
2026-03-12 04:00:00,666.06,149166.89062080087,-0.015184894947732785,-0.04231548979855926
2026-03-13 04:00:00,662.29,148322.58353489207,-0.005660150737170855,-0.04773612848495301
2026-03-16 04:00:00,669.03,149832.03439935503,0.010176810762656974,-0.03804511926842935
2026-03-17 04:00:00,670.79,150226.19367553527,0.002630674259749055,-0.035514529324648714
2026-03-18 04:00:00,661.43,148129.9829794858,-0.013953696387841386,-0.04897266675293688
2026-03-19 04:00:00,659.8,147764.9377407507,-0.0024643575283853636,-0.05131633812132452
2026-03-20 04:00:00,648.57,145249.93281375978,-0.01702030918460118,-0.06746322736487931
2026-03-23 04:00:00,655.38,146775.06046761625,0.01050002312780407,-0.05767156968468268
2026-03-24 04:00:00,653.18,146282.36137239094,-0.0033568311513931803,-0.060834807114408584
2026-03-25 04:00:00,656.82,147097.55442085463,0.005572736458556715,-0.0556010870034076
2026-03-26 04:00:00,645.09,144470.57242676703,-0.017858774093358898,-0.07246689384462734
2026-03-27 04:00:00,634.09,142007.07695064053,-0.017051884233207804,-0.08828308099325644
2026-03-30 04:00:00,631.97,141532.29418615068,-0.003343373968995089,-0.09133129160735598
2026-03-31 04:00:00,650.34,145646.33163128194,0.029067835498520544,-0.06491825906914539
2026-04-01 04:00:00,655.24,146743.70688882918,0.0075345204047112535,-0.05787286661202884
2026-04-02 04:00:00,655.83,146875.83982800326,0.0009004334289726135,-0.057024543846784126
2026-04-06 04:00:00,658.93,147570.0976440025,0.004726834698016047,-0.05256725474126167
2026-04-07 04:00:00,659.22,147635.04434291858,0.00044010744692180026,-0.052150282534615844
2026-04-08 04:00:00,676.01,151395.23425602439,0.025469494250781155,-0.028009029605026603
2026-04-09 04:00:00,679.91,152268.65537937832,0.005769145426842703,-0.02240147234323997
2026-04-10 04:00:00,679.46,152167.87601899134,-0.0006618523039813029,-0.0230484981811383
2026-04-13 04:00:00,686.1,153654.93147003496,0.009772466370352895,-0.013501272484147786
2026-04-14 04:00:00,694.46,155527.1880318911,0.012184812709517656,-0.0014809702511896505
2026-04-15 04:00:00,699.94,156754.4566872705,0.007891023241079376,0.0
2026-04-16 04:00:00,701.66,157139.65779808298,0.0024573534874416936,0.0
2026-04-17 04:00:00,710.14,159038.7888560423,0.012085625516631948,0.0
2026-04-20 04:00:00,708.72,158720.7739854878,-0.001999605711549779,-0.001999605711549779
2026-04-21 04:00:00,704.08,157681.6268028308,-0.006547014335703705,-0.008533528599994233
2026-04-22 04:00:00,711.21,159278.41977962916,0.010126690148846595,0.0
2026-04-23 04:00:00,708.45,158660.3063692556,-0.003880710338718618,-0.003880710338718618
2026-04-24 04:00:00,713.94,159889.8145659769,0.007749311878043619,0.0
2026-04-27 04:00:00,715.17,160165.27815103467,0.0017228338515840047,0.0
2026-04-28 04:00:00,711.69,159385.91776404195,-0.004865975921808596,-0.004865975921808596
2026-04-29 04:00:00,711.58,159361.28280928067,-0.0001545616771347902,-0.00501978550554405
2026-04-30 04:00:00,718.66,160946.87807936934,0.009949689423536245,0.0
2026-05-01 04:00:00,720.65,161392.54680641406,0.0027690423844377587,0.0
2026-05-04 04:00:00,718.01,160801.3078921437,-0.0036633594671476866,-0.0036633594671476866
2026-05-05 04:00:00,723.77,162091.28370509722,0.00802217239314218,0.0
2026-05-06 04:00:00,733.83,164344.26229508198,0.013899443193279515,0.0
2026-05-07 04:00:00,731.58,163840.36549314702,-0.0030661052287314083,-0.0030661052287314083
2026-05-08 04:00:00,737.62,165193.04846367467,0.008256103228628575,0.0
2026-05-11 04:00:00,739.3,165569.2914091194,0.002277595509883046,0.0
2026-05-12 04:00:00,738.18,165318.4627788229,-0.0015149465710807553,-0.0015149465710807553
2026-05-13 04:00:00,742.31,166243.3933530413,0.005594841366604264,0.0
2026-05-14 04:00:00,748.17,167555.76457941416,0.00789427597634429,0.0
2026-05-15 04:00:00,739.17,165540.17737167428,-0.012029351617947937,-0.012029351617947937
2026-05-18 04:00:00,738.65,165423.72122189376,-0.0007034917542648733,-0.01272438082254046
2026-05-19 04:00:00,733.73,164321.86688166266,-0.006660800108305609,-0.01930042637368512
2026-05-20 04:00:00,741.25,166006.0019707964,0.010249001676365888,-0.009249234799577621
2026-05-21 04:00:00,742.72,166335.21454806058,0.001983136593591839,-0.007284440701979422
2026-05-22 04:00:00,745.64,166989.16061990504,0.003931495045238931,-0.003381584399267723
2026-05-26 04:00:00,750.59,168097.733584162,0.0066385923501959265,0.0
2026-05-27 04:00:00,750.46,168068.61954671686,-0.00017319708495988628,-0.00017319708495988628
2026-05-28 04:00:00,754.6,168995.78966227718,0.005516616475228497,0.0
2026-05-29 04:00:00,756.48,169416.82343456062,0.002491386164855669,0.0
2026-06-01 04:00:00,758.54,169878.16895099884,0.002723138747884768,0.0
2026-06-02 04:00:00,759.57,170108.841709218,0.0013578717008992935,0.0
2026-06-03 04:00:00,754.24,168915.1661739676,-0.007017128111958204,-0.007017128111958204
2026-06-04 04:00:00,757.09,169553.43545641855,0.0037786380992788082,-0.003265005200310811
2026-06-05 04:00:00,737.55,165177.3716742811,-0.025809348954549782,-0.0289900864963073
2026-06-08 04:00:00,739.22,165551.37507838398,0.002264253270964911,-0.026791474123517234
2026-06-09 04:00:00,737.05,165065.39460718445,-0.002935526636184238,-0.029648353673789263
2026-06-10 04:00:00,725.43,162463.0475678581,-0.015765551862153226,-0.04494648287847092
2026-06-11 04:00:00,737.76,165224.4020424617,0.016996815681733723,-0.028713614281764888
2026-06-12 04:00:00,741.75,166117.97903789306,0.0054082628497074126,-0.023460642205458404
2026-06-15 04:00:00,754.83,169047.29911314166,0.017633973710819095,-0.006240372842529318
2026-06-16 04:00:00,750.33,168039.50550927172,-0.005961607249314493,-0.012164777439867325
2026-06-17 04:00:00,740.96,165941.05527188035,-0.012487838684312136,-0.02450070434587992
2026-06-18 04:00:00,746.74,167235.5101675177,0.007800690995465098,-0.016891135774188215
2026-06-22 04:00:00,744.39,166709.21795216342,-0.003147012347001543,-0.019984991508353422
2026-06-23 04:00:00,733.58,164288.27376153367,-0.014521957576001832,-0.03421672788551422
2026-06-24 04:00:00,733.24,164212.12935590793,-0.00046348046566158096,-0.03466434956620201
2026-06-25 04:00:00,734.3,164449.52073815285,0.001445638535813698,-0.033268823149940174
2026-06-26 04:00:00,728.99,163260.32428558634,-0.007231376821462576,-0.04025962057479893
2026-06-29 04:00:00,741.0,165950.01343724807,0.016474848763357475,-0.02444804297168146
2026-06-30 04:00:00,746.77,167242.22879154352,0.00778677462888,-0.016851639743539204
2026-07-01 04:00:00,746.99,167291.49870106604,0.00029460208631837403,-0.016562002185447122
